"V1"	"V2"	"V3"	"V4"	"V5"	"V6"	"V7"	"V8"	"V9"	"V10"	"V11"	"V12"	"V13"	"V14"	"V15"	"V16"	"V17"	"V18"	"V19"	"V20"	"V21"	"V22"	"V23"	"V24"	"V25"	"V26"	"V27"	"V28"	"V29"	"V30"	"V31"	"V32"	"V33"	"V34"	"V35"	"V36"	"V37"	"V38"	"V39"	"V40"	"V41"	"V42"	"V43"	"V44"	"V45"	"V46"	"V47"	"V48"	"V49"	"V50"	"V51"	"V52"	"V53"	"V54"	"V55"	"V56"	"V57"	"V58"	"V59"	"V60"	"V61"	"V62"	"V63"	"V64"	"V65"	"V66"	"V67"	"V68"	"V69"	"V70"	"V71"	"V72"	"V73"	"V74"	"V75"	"V76"	"V77"	"V78"	"V79"	"V80"	"V81"	"V82"	"V83"	"V84"	"V85"	"V86"	"V87"	"V88"	"V89"	"V90"	"V91"	"V92"	"V93"	"V94"	"V95"	"V96"	"V97"	"V98"	"V99"	"V100"
0	0	0	0.0222222222222222	0	0	0	0.0222222222222222	0.0232558139534884	0.0212765957446809	0	0	0.0172413793103448	0.024390243902439	0	0	0.0232558139534884	0	0.0212765957446809	0.0222222222222222	0.024390243902439	0	0.0192307692307692	0.0204081632653061	0.0222222222222222	0.0294117647058824	0.0217391304347826	0	0	0.0204081632653061	0	0.0192307692307692	0.02	0.0222222222222222	0.0212765957446809	0	0.0238095238095238	0.0185185185185185	0.0204081632653061	0.0238095238095238	0	0	0	0.0222222222222222	0	0	0	0.0232558139534884	0	0.0188679245283019	0	0.0196078431372549	0.0204081632653061	0	0.02	0.0212765957446809	0.0204081632653061	0	0.0208333333333333	0	0.0238095238095238	0	0.025	0.0196078431372549	0	0	0.0192307692307692	0.0208333333333333	0	0.0256410256410256	0.0277777777777778	0.0222222222222222	0.0217391304347826	0	0.0238095238095238	0.0222222222222222	0.0263157894736842	0	0.0212765957446809	0	0.0294117647058824	0	0	0	0	0	0	0	0	0.0192307692307692	0	0	0.0217391304347826	0.032258064516129	0.024390243902439	0.0222222222222222	0	0.025	0.0227272727272727	0
0.0238095238095238	0.0263157894736842	0.0204081632653061	0.0222222222222222	0	0	0	0	0	0	0	0	0.0172413793103448	0.024390243902439	0	0.0238095238095238	0.0232558139534884	0.0232558139534884	0	0.0222222222222222	0	0.0196078431372549	0.0192307692307692	0.0204081632653061	0.0222222222222222	0.0294117647058824	0	0	0	0	0	0.0192307692307692	0	0	0	0	0.0238095238095238	0.0185185185185185	0.0204081632653061	0	0.027027027027027	0	0.0204081632653061	0	0.0238095238095238	0.0208333333333333	0.0232558139534884	0	0	0.0188679245283019	0	0	0.0204081632653061	0.025	0.02	0.0212765957446809	0	0.0232558139534884	0.0208333333333333	0.0208333333333333	0.0238095238095238	0	0.025	0	0	0.024390243902439	0.0192307692307692	0	0	0.0256410256410256	0	0	0	0.0238095238095238	0	0	0	0.0232558139534884	0	0	0	0	0	0	0	0	0	0	0	0	0.0208333333333333	0.0217391304347826	0	0	0.024390243902439	0	0	0	0.0227272727272727	0
0.0238095238095238	0	0	0.0222222222222222	0.0232558139534884	0	0	0.0222222222222222	0	0.0212765957446809	0	0	0	0	0	0	0	0.0232558139534884	0.0212765957446809	0	0	0	0	0.0204081632653061	0	0	0	0	0.0217391304347826	0.0204081632653061	0.0212765957446809	0.0192307692307692	0	0.0222222222222222	0.0212765957446809	0	0	0.0185185185185185	0	0.0238095238095238	0	0.0232558139534884	0	0	0	0	0	0.0232558139534884	0	0.0188679245283019	0	0	0.0204081632653061	0.025	0.02	0	0.0204081632653061	0.0232558139534884	0	0	0	0.02	0.025	0	0.027027027027027	0.024390243902439	0	0	0	0.0256410256410256	0	0	0.0217391304347826	0	0.0238095238095238	0.0222222222222222	0.0263157894736842	0	0.0212765957446809	0.0238095238095238	0	0	0.0208333333333333	0.0238095238095238	0.0212765957446809	0	0.0232558139534884	0.0204081632653061	0.0188679245283019	0	0	0	0.0217391304347826	0	0	0	0.0232558139534884	0	0.0227272727272727	0.0196078431372549
0	0.0263157894736842	0.0204081632653061	0.0222222222222222	0.0232558139534884	0.0212765957446809	0	0	0	0.0212765957446809	0.024390243902439	0	0	0	0.0188679245283019	0.0238095238095238	0.0232558139534884	0.0232558139534884	0.0212765957446809	0	0	0.0196078431372549	0	0	0.0222222222222222	0.0294117647058824	0.0217391304347826	0	0.0217391304347826	0	0	0	0	0	0	0.0192307692307692	0.0238095238095238	0.0185185185185185	0.0204081632653061	0	0.027027027027027	0.0232558139534884	0	0.0222222222222222	0	0.0208333333333333	0.0232558139534884	0.0232558139534884	0	0.0188679245283019	0	0	0	0	0	0	0	0.0232558139534884	0.0208333333333333	0.0208333333333333	0.0238095238095238	0.02	0	0	0	0	0.0192307692307692	0.0208333333333333	0	0.0256410256410256	0	0.0222222222222222	0.0217391304347826	0	0.0238095238095238	0	0.0263157894736842	0	0.0212765957446809	0.0238095238095238	0.0294117647058824	0.0256410256410256	0.0208333333333333	0	0	0.0222222222222222	0	0	0	0.0192307692307692	0	0.0217391304347826	0.0217391304347826	0.032258064516129	0.024390243902439	0	0	0.025	0.0227272727272727	0
0.0238095238095238	0	0.0204081632653061	0.0222222222222222	0.0232558139534884	0.0212765957446809	0.0238095238095238	0	0.0232558139534884	0.0212765957446809	0	0.0185185185185185	0.0172413793103448	0	0.0188679245283019	0.0238095238095238	0.0232558139534884	0	0	0.0222222222222222	0.024390243902439	0.0196078431372549	0	0	0.0222222222222222	0.0294117647058824	0.0217391304347826	0.0204081632653061	0	0	0	0.0192307692307692	0.02	0.0222222222222222	0	0.0192307692307692	0	0	0	0	0.027027027027027	0.0232558139534884	0.0204081632653061	0	0	0.0208333333333333	0	0	0.0208333333333333	0.0188679245283019	0	0	0.0204081632653061	0.025	0	0	0.0204081632653061	0	0.0208333333333333	0.0208333333333333	0	0	0.025	0.0196078431372549	0	0	0	0	0.0204081632653061	0.0256410256410256	0	0.0222222222222222	0.0217391304347826	0.0238095238095238	0	0.0222222222222222	0.0263157894736842	0	0	0	0	0.0256410256410256	0.0208333333333333	0	0	0.0222222222222222	0	0.0204081632653061	0.0188679245283019	0	0.0208333333333333	0.0217391304347826	0.0217391304347826	0	0	0.0222222222222222	0.0232558139534884	0	0.0227272727272727	0
0.0238095238095238	0	0	0	0.0232558139534884	0.0212765957446809	0.0238095238095238	0.0222222222222222	0	0.0212765957446809	0	0	0.0172413793103448	0	0.0188679245283019	0.0238095238095238	0	0.0232558139534884	0	0.0222222222222222	0.024390243902439	0.0196078431372549	0.0192307692307692	0.0204081632653061	0	0.0294117647058824	0.0217391304347826	0.0204081632653061	0	0	0	0.0192307692307692	0.02	0.0222222222222222	0.0212765957446809	0.0192307692307692	0	0.0185185185185185	0.0204081632653061	0.0238095238095238	0.027027027027027	0.0232558139534884	0.0204081632653061	0	0	0.0208333333333333	0.0232558139534884	0.0232558139534884	0.0208333333333333	0	0.0204081632653061	0	0	0.025	0	0	0	0.0232558139534884	0	0	0	0.02	0.025	0	0	0	0.0192307692307692	0.0208333333333333	0.0204081632653061	0.0256410256410256	0.0277777777777778	0.0222222222222222	0	0	0.0238095238095238	0.0222222222222222	0.0263157894736842	0.0232558139534884	0.0212765957446809	0	0	0.0256410256410256	0.0208333333333333	0	0	0.0222222222222222	0	0	0	0.0192307692307692	0	0	0	0.032258064516129	0.024390243902439	0	0.0232558139534884	0.025	0	0.0196078431372549
0	0.0263157894736842	0.0204081632653061	0	0	0.0212765957446809	0.0238095238095238	0	0.0232558139534884	0	0	0.0185185185185185	0.0172413793103448	0.024390243902439	0	0	0	0	0	0	0	0	0.0192307692307692	0.0204081632653061	0.0222222222222222	0.0294117647058824	0	0	0.0217391304347826	0	0.0212765957446809	0	0	0.0222222222222222	0.0212765957446809	0	0	0	0.0204081632653061	0	0	0	0.0204081632653061	0	0	0	0.0232558139534884	0	0.0208333333333333	0.0188679245283019	0	0	0	0	0	0.0212765957446809	0.0204081632653061	0	0.0208333333333333	0	0.0238095238095238	0	0.025	0	0	0	0.0192307692307692	0	0	0.0256410256410256	0	0	0.0217391304347826	0.0238095238095238	0	0.0222222222222222	0	0	0.0212765957446809	0.0238095238095238	0	0	0.0208333333333333	0	0.0212765957446809	0.0222222222222222	0.0232558139534884	0	0	0.0192307692307692	0.0208333333333333	0	0.0217391304347826	0	0	0.0222222222222222	0	0.025	0	0
0	0	0	0	0	0	0	0	0	0.0212765957446809	0.024390243902439	0.0185185185185185	0	0	0.0188679245283019	0	0	0	0	0.0222222222222222	0.024390243902439	0.0196078431372549	0.0192307692307692	0.0204081632653061	0.0222222222222222	0.0294117647058824	0.0217391304347826	0.0204081632653061	0	0.0204081632653061	0	0.0192307692307692	0.02	0	0	0	0.0238095238095238	0	0.0204081632653061	0	0	0	0.0204081632653061	0	0.0238095238095238	0	0.0232558139534884	0.0232558139534884	0	0.0188679245283019	0	0	0.0204081632653061	0.025	0.02	0	0	0	0	0.0208333333333333	0.0238095238095238	0.02	0	0.0196078431372549	0.027027027027027	0	0.0192307692307692	0.0208333333333333	0	0.0256410256410256	0	0	0.0217391304347826	0	0.0238095238095238	0	0	0	0	0	0.0294117647058824	0.0256410256410256	0	0	0.0212765957446809	0.0222222222222222	0.0232558139534884	0.0204081632653061	0	0	0.0208333333333333	0.0217391304347826	0	0.032258064516129	0.024390243902439	0.0222222222222222	0.0232558139534884	0	0.0227272727272727	0.0196078431372549
0.0238095238095238	0	0.0204081632653061	0.0222222222222222	0	0.0212765957446809	0	0.0222222222222222	0.0232558139534884	0	0	0	0	0	0	0	0.0232558139534884	0.0232558139534884	0.0212765957446809	0	0.024390243902439	0.0196078431372549	0	0.0204081632653061	0	0.0294117647058824	0.0217391304347826	0.0204081632653061	0.0217391304347826	0	0.0212765957446809	0.0192307692307692	0	0.0222222222222222	0.0212765957446809	0.0192307692307692	0	0	0.0204081632653061	0.0238095238095238	0	0	0	0.0222222222222222	0.0238095238095238	0.0208333333333333	0	0.0232558139534884	0	0.0188679245283019	0.0204081632653061	0.0196078431372549	0.0204081632653061	0.025	0.02	0.0212765957446809	0.0204081632653061	0	0	0.0208333333333333	0	0	0	0.0196078431372549	0.027027027027027	0	0.0192307692307692	0.0208333333333333	0.0204081632653061	0.0256410256410256	0.0277777777777778	0.0222222222222222	0.0217391304347826	0	0.0238095238095238	0.0222222222222222	0	0.0232558139534884	0	0	0.0294117647058824	0	0	0	0	0	0.0232558139534884	0	0	0	0.0208333333333333	0.0217391304347826	0	0	0.024390243902439	0	0	0	0	0.0196078431372549
0.0238095238095238	0	0	0.0222222222222222	0.0232558139534884	0	0	0.0222222222222222	0.0232558139534884	0.0212765957446809	0	0.0185185185185185	0.0172413793103448	0	0.0188679245283019	0	0.0232558139534884	0	0	0.0222222222222222	0.024390243902439	0.0196078431372549	0.0192307692307692	0	0.0222222222222222	0	0	0	0.0217391304347826	0	0	0.0192307692307692	0	0	0.0212765957446809	0	0	0.0185185185185185	0	0.0238095238095238	0	0.0232558139534884	0.0204081632653061	0	0.0238095238095238	0.0208333333333333	0.0232558139534884	0.0232558139534884	0	0.0188679245283019	0	0.0196078431372549	0	0.025	0.02	0	0	0.0232558139534884	0.0208333333333333	0	0.0238095238095238	0.02	0.025	0.0196078431372549	0.027027027027027	0	0.0192307692307692	0.0208333333333333	0.0204081632653061	0	0.0277777777777778	0.0222222222222222	0	0.0238095238095238	0.0238095238095238	0.0222222222222222	0	0.0232558139534884	0	0.0238095238095238	0	0.0256410256410256	0	0	0.0212765957446809	0.0222222222222222	0.0232558139534884	0	0.0188679245283019	0.0192307692307692	0.0208333333333333	0.0217391304347826	0	0.032258064516129	0	0	0	0.025	0.0227272727272727	0
0.0238095238095238	0	0.0204081632653061	0.0222222222222222	0.0232558139534884	0.0212765957446809	0.0238095238095238	0	0	0.0212765957446809	0	0	0.0172413793103448	0.024390243902439	0	0	0.0232558139534884	0	0	0	0	0.0196078431372549	0	0.0204081632653061	0.0222222222222222	0.0294117647058824	0.0217391304347826	0.0204081632653061	0.0217391304347826	0.0204081632653061	0	0	0.02	0	0.0212765957446809	0.0192307692307692	0.0238095238095238	0	0	0	0.027027027027027	0.0232558139534884	0.0204081632653061	0	0	0.0208333333333333	0.0232558139534884	0.0232558139534884	0.0208333333333333	0	0.0204081632653061	0.0196078431372549	0	0	0	0.0212765957446809	0	0.0232558139534884	0.0208333333333333	0	0.0238095238095238	0.02	0.025	0.0196078431372549	0.027027027027027	0.024390243902439	0.0192307692307692	0	0	0.0256410256410256	0	0	0.0217391304347826	0.0238095238095238	0	0	0.0263157894736842	0	0	0.0238095238095238	0	0.0256410256410256	0	0	0	0.0222222222222222	0.0232558139534884	0.0204081632653061	0.0188679245283019	0.0192307692307692	0.0208333333333333	0.0217391304347826	0.0217391304347826	0.032258064516129	0	0	0.0232558139534884	0	0	0.0196078431372549
0.0238095238095238	0.0263157894736842	0.0204081632653061	0	0	0	0	0	0.0232558139534884	0.0212765957446809	0.024390243902439	0.0185185185185185	0.0172413793103448	0.024390243902439	0.0188679245283019	0	0	0.0232558139534884	0.0212765957446809	0	0.024390243902439	0	0.0192307692307692	0.0204081632653061	0.0222222222222222	0.0294117647058824	0.0217391304347826	0	0	0.0204081632653061	0	0	0.02	0.0222222222222222	0.0212765957446809	0.0192307692307692	0	0.0185185185185185	0.0204081632653061	0.0238095238095238	0	0.0232558139534884	0.0204081632653061	0	0.0238095238095238	0.0208333333333333	0.0232558139534884	0	0.0208333333333333	0.0188679245283019	0.0204081632653061	0.0196078431372549	0	0.025	0.02	0	0.0204081632653061	0.0232558139534884	0	0.0208333333333333	0	0.02	0	0.0196078431372549	0.027027027027027	0	0.0192307692307692	0.0208333333333333	0	0	0	0	0	0.0238095238095238	0	0	0.0263157894736842	0	0.0212765957446809	0	0	0	0	0.0238095238095238	0	0.0222222222222222	0	0.0204081632653061	0.0188679245283019	0.0192307692307692	0.0208333333333333	0.0217391304347826	0.0217391304347826	0.032258064516129	0	0.0222222222222222	0	0	0.0227272727272727	0
0	0	0	0	0.0232558139534884	0.0212765957446809	0.0238095238095238	0.0222222222222222	0.0232558139534884	0	0	0	0.0172413793103448	0	0.0188679245283019	0.0238095238095238	0.0232558139534884	0.0232558139534884	0.0212765957446809	0	0.024390243902439	0	0.0192307692307692	0.0204081632653061	0.0222222222222222	0.0294117647058824	0	0.0204081632653061	0.0217391304347826	0	0.0212765957446809	0.0192307692307692	0.02	0.0222222222222222	0	0	0	0	0.0204081632653061	0	0.027027027027027	0	0.0204081632653061	0.0222222222222222	0	0.0208333333333333	0.0232558139534884	0	0	0.0188679245283019	0	0.0196078431372549	0	0.025	0.02	0.0212765957446809	0	0.0232558139534884	0	0.0208333333333333	0.0238095238095238	0.02	0.025	0.0196078431372549	0.027027027027027	0.024390243902439	0	0.0208333333333333	0	0	0.0277777777777778	0.0222222222222222	0	0.0238095238095238	0	0	0.0263157894736842	0	0.0212765957446809	0	0	0.0256410256410256	0.0208333333333333	0	0	0.0222222222222222	0	0.0204081632653061	0	0	0	0.0217391304347826	0.0217391304347826	0	0	0	0.0232558139534884	0.025	0	0.0196078431372549
0	0	0.0204081632653061	0.0222222222222222	0	0	0.0238095238095238	0	0.0232558139534884	0.0212765957446809	0	0	0	0	0	0	0	0.0232558139534884	0.0212765957446809	0	0	0.0196078431372549	0.0192307692307692	0	0.0222222222222222	0.0294117647058824	0	0.0204081632653061	0	0.0204081632653061	0.0212765957446809	0	0.02	0	0	0.0192307692307692	0.0238095238095238	0	0	0.0238095238095238	0	0	0	0.0222222222222222	0	0	0	0.0232558139534884	0.0208333333333333	0	0.0204081632653061	0	0.0204081632653061	0.025	0	0.0212765957446809	0.0204081632653061	0	0	0.0208333333333333	0	0	0	0	0	0	0.0192307692307692	0	0.0204081632653061	0	0.0277777777777778	0.0222222222222222	0.0217391304347826	0	0.0238095238095238	0.0222222222222222	0	0.0232558139534884	0.0212765957446809	0.0238095238095238	0.0294117647058824	0.0256410256410256	0.0208333333333333	0	0.0212765957446809	0	0	0.0204081632653061	0	0.0192307692307692	0.0208333333333333	0.0217391304347826	0	0	0	0	0.0232558139534884	0	0.0227272727272727	0.0196078431372549
0	0	0	0.0222222222222222	0.0232558139534884	0	0.0238095238095238	0	0	0.0212765957446809	0.024390243902439	0.0185185185185185	0.0172413793103448	0.024390243902439	0.0188679245283019	0	0.0232558139534884	0.0232558139534884	0.0212765957446809	0	0	0	0	0	0	0	0.0217391304347826	0.0204081632653061	0	0	0	0.0192307692307692	0.02	0	0.0212765957446809	0	0	0	0.0204081632653061	0	0	0.0232558139534884	0.0204081632653061	0.0222222222222222	0	0	0.0232558139534884	0	0	0	0.0204081632653061	0.0196078431372549	0.0204081632653061	0	0	0	0.0204081632653061	0	0.0208333333333333	0.0208333333333333	0	0	0.025	0.0196078431372549	0	0	0.0192307692307692	0.0208333333333333	0.0204081632653061	0	0	0.0222222222222222	0	0	0	0	0	0	0.0212765957446809	0	0	0.0256410256410256	0.0208333333333333	0	0.0212765957446809	0	0	0.0204081632653061	0	0.0192307692307692	0.0208333333333333	0	0.0217391304347826	0	0	0.0222222222222222	0	0.025	0	0.0196078431372549
0	0.0263157894736842	0.0204081632653061	0	0.0232558139534884	0.0212765957446809	0.0238095238095238	0.0222222222222222	0.0232558139534884	0.0212765957446809	0	0.0185185185185185	0.0172413793103448	0	0	0	0.0232558139534884	0	0.0212765957446809	0	0.024390243902439	0	0	0	0.0222222222222222	0	0.0217391304347826	0.0204081632653061	0.0217391304347826	0.0204081632653061	0	0.0192307692307692	0.02	0	0	0	0.0238095238095238	0.0185185185185185	0	0	0	0.0232558139534884	0	0	0	0.0208333333333333	0	0.0232558139534884	0	0	0	0	0.0204081632653061	0.025	0.02	0.0212765957446809	0	0.0232558139534884	0.0208333333333333	0.0208333333333333	0	0.02	0.025	0	0	0.024390243902439	0.0192307692307692	0.0208333333333333	0	0	0	0.0222222222222222	0.0217391304347826	0	0.0238095238095238	0	0.0263157894736842	0.0232558139534884	0	0	0.0294117647058824	0.0256410256410256	0	0.0238095238095238	0.0212765957446809	0	0	0.0204081632653061	0	0	0.0208333333333333	0.0217391304347826	0.0217391304347826	0	0.024390243902439	0.0222222222222222	0	0	0	0
0	0.0263157894736842	0.0204081632653061	0.0222222222222222	0	0	0	0.0222222222222222	0.0232558139534884	0.0212765957446809	0.024390243902439	0.0185185185185185	0.0172413793103448	0	0.0188679245283019	0	0.0232558139534884	0	0	0	0	0	0.0192307692307692	0.0204081632653061	0	0	0.0217391304347826	0	0.0217391304347826	0.0204081632653061	0.0212765957446809	0.0192307692307692	0.02	0	0.0212765957446809	0.0192307692307692	0.0238095238095238	0	0.0204081632653061	0.0238095238095238	0.027027027027027	0.0232558139534884	0	0	0	0	0.0232558139534884	0	0.0208333333333333	0.0188679245283019	0	0.0196078431372549	0.0204081632653061	0.025	0.02	0.0212765957446809	0.0204081632653061	0.0232558139534884	0.0208333333333333	0	0.0238095238095238	0.02	0.025	0.0196078431372549	0.027027027027027	0.024390243902439	0	0	0.0204081632653061	0.0256410256410256	0.0277777777777778	0.0222222222222222	0	0.0238095238095238	0	0	0.0263157894736842	0	0	0.0238095238095238	0.0294117647058824	0	0	0	0	0	0	0	0	0.0192307692307692	0.0208333333333333	0.0217391304347826	0.0217391304347826	0	0	0	0.0232558139534884	0.025	0.0227272727272727	0
0	0	0	0.0222222222222222	0.0232558139534884	0	0	0	0.0232558139534884	0	0	0.0185185185185185	0.0172413793103448	0	0	0.0238095238095238	0.0232558139534884	0	0	0	0.024390243902439	0.0196078431372549	0	0	0.0222222222222222	0	0	0	0	0	0.0212765957446809	0.0192307692307692	0	0.0222222222222222	0.0212765957446809	0	0	0.0185185185185185	0.0204081632653061	0	0	0	0.0204081632653061	0.0222222222222222	0	0.0208333333333333	0.0232558139534884	0	0.0208333333333333	0.0188679245283019	0	0.0196078431372549	0.0204081632653061	0.025	0.02	0	0.0204081632653061	0	0.0208333333333333	0.0208333333333333	0	0.02	0	0	0	0.024390243902439	0.0192307692307692	0	0.0204081632653061	0	0	0	0.0217391304347826	0	0	0.0222222222222222	0.0263157894736842	0	0	0.0238095238095238	0	0.0256410256410256	0.0208333333333333	0.0238095238095238	0	0.0222222222222222	0.0232558139534884	0.0204081632653061	0.0188679245283019	0.0192307692307692	0	0.0217391304347826	0.0217391304347826	0.032258064516129	0	0.0222222222222222	0.0232558139534884	0.025	0	0
0	0	0	0.0222222222222222	0	0	0.0238095238095238	0	0	0	0.024390243902439	0.0185185185185185	0.0172413793103448	0.024390243902439	0	0.0238095238095238	0	0	0	0	0.024390243902439	0.0196078431372549	0.0192307692307692	0	0	0	0.0217391304347826	0	0.0217391304347826	0	0.0212765957446809	0.0192307692307692	0.02	0.0222222222222222	0	0	0	0.0185185185185185	0	0	0	0	0	0.0222222222222222	0.0238095238095238	0.0208333333333333	0.0232558139534884	0.0232558139534884	0	0.0188679245283019	0	0	0.0204081632653061	0	0.02	0.0212765957446809	0	0.0232558139534884	0	0.0208333333333333	0.0238095238095238	0.02	0.025	0	0	0	0.0192307692307692	0.0208333333333333	0.0204081632653061	0.0256410256410256	0	0	0	0.0238095238095238	0	0.0222222222222222	0	0	0.0212765957446809	0.0238095238095238	0.0294117647058824	0	0	0	0	0.0222222222222222	0	0.0204081632653061	0.0188679245283019	0	0.0208333333333333	0.0217391304347826	0	0	0	0	0.0232558139534884	0	0	0.0196078431372549
0	0	0.0204081632653061	0	0.0232558139534884	0.0212765957446809	0	0	0	0	0	0.0185185185185185	0	0.024390243902439	0	0.0238095238095238	0.0232558139534884	0	0	0	0.024390243902439	0	0	0	0.0222222222222222	0.0294117647058824	0	0	0.0217391304347826	0.0204081632653061	0.0212765957446809	0	0.02	0	0.0212765957446809	0	0.0238095238095238	0	0	0	0	0.0232558139534884	0.0204081632653061	0.0222222222222222	0.0238095238095238	0.0208333333333333	0.0232558139534884	0	0	0	0.0204081632653061	0.0196078431372549	0.0204081632653061	0	0.02	0.0212765957446809	0.0204081632653061	0.0232558139534884	0.0208333333333333	0	0	0.02	0	0	0.027027027027027	0	0	0.0208333333333333	0	0	0	0	0	0	0.0238095238095238	0.0222222222222222	0	0.0232558139534884	0	0	0	0.0256410256410256	0.0208333333333333	0.0238095238095238	0.0212765957446809	0	0	0.0204081632653061	0	0.0192307692307692	0.0208333333333333	0	0	0	0.024390243902439	0.0222222222222222	0	0	0.0227272727272727	0
0.0238095238095238	0.0263157894736842	0.0204081632653061	0.0222222222222222	0.0232558139534884	0.0212765957446809	0	0	0	0.0212765957446809	0.024390243902439	0.0185185185185185	0.0172413793103448	0	0.0188679245283019	0.0238095238095238	0.0232558139534884	0.0232558139534884	0.0212765957446809	0	0.024390243902439	0.0196078431372549	0	0	0	0	0	0	0.0217391304347826	0	0.0212765957446809	0.0192307692307692	0	0.0222222222222222	0.0212765957446809	0	0	0.0185185185185185	0	0	0	0	0	0	0	0.0208333333333333	0.0232558139534884	0.0232558139534884	0	0	0.0204081632653061	0	0.0204081632653061	0	0	0	0	0	0	0	0	0.02	0	0	0	0	0	0.0208333333333333	0.0204081632653061	0	0	0.0222222222222222	0.0217391304347826	0.0238095238095238	0	0.0222222222222222	0	0.0232558139534884	0	0.0238095238095238	0	0	0.0208333333333333	0.0238095238095238	0.0212765957446809	0	0	0.0204081632653061	0.0188679245283019	0	0.0208333333333333	0.0217391304347826	0.0217391304347826	0.032258064516129	0.024390243902439	0	0	0.025	0.0227272727272727	0
0.0238095238095238	0.0263157894736842	0	0.0222222222222222	0	0	0	0.0222222222222222	0	0	0.024390243902439	0.0185185185185185	0.0172413793103448	0.024390243902439	0.0188679245283019	0.0238095238095238	0	0	0.0212765957446809	0	0	0.0196078431372549	0.0192307692307692	0.0204081632653061	0.0222222222222222	0	0.0217391304347826	0.0204081632653061	0.0217391304347826	0.0204081632653061	0.0212765957446809	0	0.02	0	0.0212765957446809	0.0192307692307692	0.0238095238095238	0.0185185185185185	0	0	0	0.0232558139534884	0	0.0222222222222222	0	0.0208333333333333	0	0	0.0208333333333333	0.0188679245283019	0	0.0196078431372549	0	0	0.02	0	0	0.0232558139534884	0	0	0.0238095238095238	0.02	0	0.0196078431372549	0.027027027027027	0	0.0192307692307692	0	0	0	0.0277777777777778	0.0222222222222222	0	0.0238095238095238	0.0238095238095238	0.0222222222222222	0.0263157894736842	0	0.0212765957446809	0	0	0	0	0.0238095238095238	0.0212765957446809	0.0222222222222222	0	0.0204081632653061	0.0188679245283019	0.0192307692307692	0	0.0217391304347826	0	0	0.024390243902439	0.0222222222222222	0.0232558139534884	0	0	0
0	0.0263157894736842	0.0204081632653061	0	0.0232558139534884	0	0	0.0222222222222222	0.0232558139534884	0	0	0	0.0172413793103448	0	0	0.0238095238095238	0	0.0232558139534884	0	0.0222222222222222	0	0.0196078431372549	0	0.0204081632653061	0.0222222222222222	0.0294117647058824	0.0217391304347826	0.0204081632653061	0.0217391304347826	0	0.0212765957446809	0.0192307692307692	0.02	0	0.0212765957446809	0	0.0238095238095238	0	0	0.0238095238095238	0	0.0232558139534884	0.0204081632653061	0	0	0.0208333333333333	0.0232558139534884	0	0	0	0	0	0	0	0	0.0212765957446809	0.0204081632653061	0	0.0208333333333333	0.0208333333333333	0	0.02	0	0	0	0	0.0192307692307692	0.0208333333333333	0	0.0256410256410256	0.0277777777777778	0.0222222222222222	0.0217391304347826	0.0238095238095238	0.0238095238095238	0	0	0.0232558139534884	0	0.0238095238095238	0	0	0	0	0.0212765957446809	0.0222222222222222	0.0232558139534884	0.0204081632653061	0.0188679245283019	0.0192307692307692	0.0208333333333333	0	0	0	0	0.0222222222222222	0.0232558139534884	0.025	0.0227272727272727	0
0.0238095238095238	0.0263157894736842	0	0	0	0.0212765957446809	0	0.0222222222222222	0	0	0	0.0185185185185185	0.0172413793103448	0.024390243902439	0	0.0238095238095238	0	0	0.0212765957446809	0.0222222222222222	0	0.0196078431372549	0	0.0204081632653061	0	0	0	0.0204081632653061	0.0217391304347826	0.0204081632653061	0	0	0.02	0.0222222222222222	0	0.0192307692307692	0.0238095238095238	0.0185185185185185	0.0204081632653061	0	0.027027027027027	0.0232558139534884	0.0204081632653061	0.0222222222222222	0.0238095238095238	0	0.0232558139534884	0	0.0208333333333333	0	0.0204081632653061	0	0.0204081632653061	0.025	0	0.0212765957446809	0	0	0	0.0208333333333333	0.0238095238095238	0.02	0	0.0196078431372549	0	0	0.0192307692307692	0	0	0	0.0277777777777778	0.0222222222222222	0.0217391304347826	0	0.0238095238095238	0.0222222222222222	0.0263157894736842	0.0232558139534884	0.0212765957446809	0.0238095238095238	0.0294117647058824	0.0256410256410256	0	0	0.0212765957446809	0	0.0232558139534884	0	0	0.0192307692307692	0	0	0.0217391304347826	0.032258064516129	0.024390243902439	0.0222222222222222	0	0	0.0227272727272727	0
0.0238095238095238	0	0.0204081632653061	0	0.0232558139534884	0.0212765957446809	0.0238095238095238	0.0222222222222222	0.0232558139534884	0	0	0.0185185185185185	0	0.024390243902439	0	0	0	0.0232558139534884	0.0212765957446809	0	0	0	0	0.0204081632653061	0	0.0294117647058824	0.0217391304347826	0.0204081632653061	0	0.0204081632653061	0.0212765957446809	0	0.02	0	0	0.0192307692307692	0	0	0	0	0.027027027027027	0.0232558139534884	0	0.0222222222222222	0	0.0208333333333333	0	0	0.0208333333333333	0.0188679245283019	0	0.0196078431372549	0.0204081632653061	0	0.02	0.0212765957446809	0.0204081632653061	0	0.0208333333333333	0.0208333333333333	0	0.02	0.025	0.0196078431372549	0.027027027027027	0.024390243902439	0.0192307692307692	0	0.0204081632653061	0	0	0.0222222222222222	0	0.0238095238095238	0	0.0222222222222222	0	0.0232558139534884	0	0	0.0294117647058824	0	0.0208333333333333	0.0238095238095238	0.0212765957446809	0.0222222222222222	0.0232558139534884	0.0204081632653061	0.0188679245283019	0.0192307692307692	0	0	0.0217391304347826	0	0.024390243902439	0	0.0232558139534884	0	0	0.0196078431372549
0.0238095238095238	0	0	0	0	0.0212765957446809	0	0.0222222222222222	0	0.0212765957446809	0.024390243902439	0.0185185185185185	0	0	0	0.0238095238095238	0.0232558139534884	0.0232558139534884	0	0.0222222222222222	0.024390243902439	0	0	0.0204081632653061	0	0.0294117647058824	0.0217391304347826	0.0204081632653061	0	0.0204081632653061	0.0212765957446809	0.0192307692307692	0	0	0.0212765957446809	0	0	0	0.0204081632653061	0.0238095238095238	0.027027027027027	0	0.0204081632653061	0.0222222222222222	0.0238095238095238	0	0.0232558139534884	0	0	0.0188679245283019	0.0204081632653061	0.0196078431372549	0	0.025	0.02	0.0212765957446809	0.0204081632653061	0.0232558139534884	0	0	0	0	0	0.0196078431372549	0.027027027027027	0	0.0192307692307692	0.0208333333333333	0.0204081632653061	0	0.0277777777777778	0.0222222222222222	0	0.0238095238095238	0.0238095238095238	0.0222222222222222	0	0.0232558139534884	0.0212765957446809	0.0238095238095238	0	0	0	0.0238095238095238	0.0212765957446809	0	0	0	0.0188679245283019	0	0	0	0.0217391304347826	0.032258064516129	0	0	0	0.025	0.0227272727272727	0.0196078431372549
0	0	0	0	0.0232558139534884	0.0212765957446809	0	0	0	0.0212765957446809	0.024390243902439	0.0185185185185185	0.0172413793103448	0.024390243902439	0	0	0	0	0.0212765957446809	0	0.024390243902439	0	0	0	0	0	0	0.0204081632653061	0.0217391304347826	0.0204081632653061	0	0.0192307692307692	0.02	0.0222222222222222	0	0	0	0.0185185185185185	0.0204081632653061	0.0238095238095238	0.027027027027027	0	0.0204081632653061	0	0	0	0.0232558139534884	0.0232558139534884	0.0208333333333333	0.0188679245283019	0.0204081632653061	0.0196078431372549	0.0204081632653061	0	0.02	0.0212765957446809	0	0.0232558139534884	0	0.0208333333333333	0.0238095238095238	0.02	0	0.0196078431372549	0	0	0	0.0208333333333333	0.0204081632653061	0	0	0.0222222222222222	0.0217391304347826	0	0	0	0	0.0232558139534884	0	0.0238095238095238	0	0	0.0208333333333333	0.0238095238095238	0	0	0.0232558139534884	0.0204081632653061	0.0188679245283019	0.0192307692307692	0.0208333333333333	0.0217391304347826	0.0217391304347826	0	0.024390243902439	0.0222222222222222	0	0	0	0.0196078431372549
0	0	0.0204081632653061	0	0	0.0212765957446809	0.0238095238095238	0.0222222222222222	0.0232558139534884	0	0.024390243902439	0.0185185185185185	0.0172413793103448	0	0.0188679245283019	0.0238095238095238	0.0232558139534884	0	0.0212765957446809	0	0.024390243902439	0	0	0	0.0222222222222222	0	0	0	0.0217391304347826	0	0.0212765957446809	0	0	0.0222222222222222	0.0212765957446809	0	0	0.0185185185185185	0	0.0238095238095238	0	0	0.0204081632653061	0.0222222222222222	0	0.0208333333333333	0.0232558139534884	0.0232558139534884	0	0	0	0	0	0	0	0	0.0204081632653061	0.0232558139534884	0.0208333333333333	0	0	0	0	0	0	0.024390243902439	0.0192307692307692	0	0	0	0.0277777777777778	0	0.0217391304347826	0.0238095238095238	0	0.0222222222222222	0	0	0	0.0238095238095238	0	0.0256410256410256	0	0	0	0.0222222222222222	0	0	0	0.0192307692307692	0.0208333333333333	0.0217391304347826	0	0	0.024390243902439	0	0.0232558139534884	0	0.0227272727272727	0.0196078431372549
0	0.0263157894736842	0.0204081632653061	0	0.0232558139534884	0	0	0.0222222222222222	0.0232558139534884	0	0	0.0185185185185185	0.0172413793103448	0	0.0188679245283019	0	0	0.0232558139534884	0.0212765957446809	0.0222222222222222	0.024390243902439	0.0196078431372549	0	0	0.0222222222222222	0.0294117647058824	0	0.0204081632653061	0	0	0.0212765957446809	0	0	0.0222222222222222	0	0.0192307692307692	0	0.0185185185185185	0.0204081632653061	0.0238095238095238	0	0	0	0	0.0238095238095238	0	0	0.0232558139534884	0.0208333333333333	0.0188679245283019	0.0204081632653061	0.0196078431372549	0.0204081632653061	0	0	0.0212765957446809	0.0204081632653061	0.0232558139534884	0.0208333333333333	0	0	0.02	0	0.0196078431372549	0	0	0.0192307692307692	0	0	0	0.0277777777777778	0	0.0217391304347826	0	0.0238095238095238	0.0222222222222222	0.0263157894736842	0	0.0212765957446809	0.0238095238095238	0	0	0.0208333333333333	0.0238095238095238	0.0212765957446809	0.0222222222222222	0	0	0	0	0.0208333333333333	0	0	0	0	0.0222222222222222	0	0.025	0.0227272727272727	0.0196078431372549
0	0	0.0204081632653061	0.0222222222222222	0	0	0.0238095238095238	0	0	0.0212765957446809	0.024390243902439	0.0185185185185185	0	0.024390243902439	0.0188679245283019	0.0238095238095238	0	0	0.0212765957446809	0.0222222222222222	0	0.0196078431372549	0	0	0	0	0	0.0204081632653061	0.0217391304347826	0	0.0212765957446809	0	0.02	0.0222222222222222	0	0.0192307692307692	0	0	0.0204081632653061	0.0238095238095238	0	0.0232558139534884	0.0204081632653061	0.0222222222222222	0.0238095238095238	0.0208333333333333	0	0.0232558139534884	0.0208333333333333	0	0.0204081632653061	0	0.0204081632653061	0	0.02	0.0212765957446809	0	0	0	0.0208333333333333	0	0.02	0	0	0.027027027027027	0.024390243902439	0	0.0208333333333333	0.0204081632653061	0	0	0	0	0.0238095238095238	0.0238095238095238	0	0.0263157894736842	0.0232558139534884	0	0	0	0	0	0.0238095238095238	0	0.0222222222222222	0.0232558139534884	0	0.0188679245283019	0.0192307692307692	0.0208333333333333	0	0.0217391304347826	0	0	0.0222222222222222	0	0	0	0.0196078431372549
0	0.0263157894736842	0	0.0222222222222222	0.0232558139534884	0	0	0	0	0.0212765957446809	0.024390243902439	0	0.0172413793103448	0	0	0	0.0232558139534884	0.0232558139534884	0.0212765957446809	0.0222222222222222	0.024390243902439	0	0	0	0	0.0294117647058824	0.0217391304347826	0.0204081632653061	0	0.0204081632653061	0.0212765957446809	0.0192307692307692	0.02	0.0222222222222222	0	0	0	0	0.0204081632653061	0	0	0	0	0.0222222222222222	0	0	0.0232558139534884	0	0.0208333333333333	0	0.0204081632653061	0	0	0	0.02	0.0212765957446809	0.0204081632653061	0	0	0.0208333333333333	0	0.02	0.025	0.0196078431372549	0	0.024390243902439	0.0192307692307692	0.0208333333333333	0.0204081632653061	0.0256410256410256	0.0277777777777778	0	0	0	0	0	0.0263157894736842	0	0.0212765957446809	0.0238095238095238	0	0	0	0	0.0212765957446809	0	0	0.0204081632653061	0.0188679245283019	0.0192307692307692	0.0208333333333333	0	0	0	0.024390243902439	0	0	0.025	0	0
0	0	0	0.0222222222222222	0.0232558139534884	0	0.0238095238095238	0.0222222222222222	0	0.0212765957446809	0.024390243902439	0	0	0.024390243902439	0	0	0	0.0232558139534884	0	0.0222222222222222	0.024390243902439	0	0.0192307692307692	0.0204081632653061	0.0222222222222222	0	0.0217391304347826	0	0	0	0	0.0192307692307692	0	0.0222222222222222	0.0212765957446809	0.0192307692307692	0.0238095238095238	0	0	0	0.027027027027027	0.0232558139534884	0	0	0	0.0208333333333333	0.0232558139534884	0.0232558139534884	0.0208333333333333	0.0188679245283019	0	0	0.0204081632653061	0	0.02	0	0.0204081632653061	0	0.0208333333333333	0	0.0238095238095238	0.02	0	0	0	0.024390243902439	0.0192307692307692	0	0	0	0.0277777777777778	0	0	0	0	0	0	0.0232558139534884	0	0.0238095238095238	0	0.0256410256410256	0.0208333333333333	0.0238095238095238	0.0212765957446809	0	0.0232558139534884	0.0204081632653061	0.0188679245283019	0	0.0208333333333333	0	0.0217391304347826	0	0.024390243902439	0	0.0232558139534884	0.025	0.0227272727272727	0.0196078431372549
0.0238095238095238	0.0263157894736842	0.0204081632653061	0.0222222222222222	0	0	0	0.0222222222222222	0.0232558139534884	0	0.024390243902439	0.0185185185185185	0	0.024390243902439	0	0	0	0	0.0212765957446809	0.0222222222222222	0	0.0196078431372549	0.0192307692307692	0.0204081632653061	0.0222222222222222	0	0	0.0204081632653061	0.0217391304347826	0.0204081632653061	0.0212765957446809	0	0	0	0.0212765957446809	0.0192307692307692	0	0.0185185185185185	0	0.0238095238095238	0	0.0232558139534884	0	0	0.0238095238095238	0.0208333333333333	0	0	0	0.0188679245283019	0.0204081632653061	0.0196078431372549	0.0204081632653061	0.025	0	0	0	0	0.0208333333333333	0.0208333333333333	0	0	0.025	0.0196078431372549	0.027027027027027	0.024390243902439	0	0.0208333333333333	0.0204081632653061	0.0256410256410256	0	0.0222222222222222	0	0.0238095238095238	0.0238095238095238	0	0	0	0.0212765957446809	0	0	0	0	0.0238095238095238	0.0212765957446809	0	0	0.0204081632653061	0	0.0192307692307692	0	0.0217391304347826	0.0217391304347826	0.032258064516129	0	0	0	0	0.0227272727272727	0
0.0238095238095238	0	0.0204081632653061	0	0	0	0	0	0	0	0	0.0185185185185185	0.0172413793103448	0	0	0	0	0	0.0212765957446809	0.0222222222222222	0.024390243902439	0	0.0192307692307692	0.0204081632653061	0	0	0	0.0204081632653061	0	0	0	0	0	0.0222222222222222	0.0212765957446809	0.0192307692307692	0.0238095238095238	0	0.0204081632653061	0.0238095238095238	0.027027027027027	0	0.0204081632653061	0	0	0.0208333333333333	0	0	0	0.0188679245283019	0.0204081632653061	0	0	0	0.02	0	0.0204081632653061	0	0.0208333333333333	0	0.0238095238095238	0	0.025	0.0196078431372549	0.027027027027027	0.024390243902439	0	0	0.0204081632653061	0.0256410256410256	0.0277777777777778	0	0	0	0.0238095238095238	0.0222222222222222	0.0263157894736842	0.0232558139534884	0.0212765957446809	0.0238095238095238	0	0	0.0208333333333333	0	0	0	0.0232558139534884	0	0.0188679245283019	0	0.0208333333333333	0	0.0217391304347826	0.032258064516129	0.024390243902439	0	0.0232558139534884	0	0	0.0196078431372549
0	0.0263157894736842	0	0	0	0.0212765957446809	0.0238095238095238	0.0222222222222222	0	0.0212765957446809	0	0	0	0.024390243902439	0.0188679245283019	0.0238095238095238	0	0.0232558139534884	0	0	0	0.0196078431372549	0	0.0204081632653061	0	0	0.0217391304347826	0	0	0	0.0212765957446809	0	0	0.0222222222222222	0	0.0192307692307692	0.0238095238095238	0	0	0.0238095238095238	0.027027027027027	0.0232558139534884	0.0204081632653061	0.0222222222222222	0	0.0208333333333333	0.0232558139534884	0	0.0208333333333333	0	0	0.0196078431372549	0.0204081632653061	0.025	0.02	0	0	0	0.0208333333333333	0.0208333333333333	0.0238095238095238	0.02	0	0.0196078431372549	0.027027027027027	0	0.0192307692307692	0	0.0204081632653061	0	0.0277777777777778	0.0222222222222222	0.0217391304347826	0	0.0238095238095238	0	0.0263157894736842	0	0	0	0	0.0256410256410256	0	0.0238095238095238	0.0212765957446809	0	0.0232558139534884	0.0204081632653061	0.0188679245283019	0	0	0	0.0217391304347826	0	0	0.0222222222222222	0.0232558139534884	0.025	0	0
0.0238095238095238	0	0.0204081632653061	0.0222222222222222	0	0.0212765957446809	0	0	0.0232558139534884	0	0.024390243902439	0	0	0.024390243902439	0	0	0	0.0232558139534884	0	0	0	0.0196078431372549	0	0.0204081632653061	0	0	0	0.0204081632653061	0.0217391304347826	0.0204081632653061	0.0212765957446809	0.0192307692307692	0.02	0.0222222222222222	0	0	0	0.0185185185185185	0.0204081632653061	0	0	0	0	0.0222222222222222	0	0.0208333333333333	0.0232558139534884	0.0232558139534884	0.0208333333333333	0.0188679245283019	0.0204081632653061	0.0196078431372549	0	0.025	0.02	0.0212765957446809	0.0204081632653061	0.0232558139534884	0	0	0	0.02	0.025	0	0	0.024390243902439	0.0192307692307692	0.0208333333333333	0.0204081632653061	0	0	0.0222222222222222	0.0217391304347826	0	0.0238095238095238	0.0222222222222222	0.0263157894736842	0.0232558139534884	0	0	0	0	0	0.0238095238095238	0	0	0.0232558139534884	0	0	0.0192307692307692	0.0208333333333333	0	0	0	0	0	0	0	0	0
0.0238095238095238	0.0263157894736842	0	0	0.0232558139534884	0.0212765957446809	0	0	0.0232558139534884	0.0212765957446809	0.024390243902439	0	0.0172413793103448	0.024390243902439	0.0188679245283019	0.0238095238095238	0	0.0232558139534884	0.0212765957446809	0.0222222222222222	0	0.0196078431372549	0.0192307692307692	0	0.0222222222222222	0.0294117647058824	0	0.0204081632653061	0.0217391304347826	0.0204081632653061	0.0212765957446809	0	0	0	0.0212765957446809	0	0	0.0185185185185185	0.0204081632653061	0	0	0.0232558139534884	0.0204081632653061	0	0.0238095238095238	0.0208333333333333	0.0232558139534884	0.0232558139534884	0.0208333333333333	0	0.0204081632653061	0	0.0204081632653061	0	0.02	0	0	0	0.0208333333333333	0.0208333333333333	0	0	0	0.0196078431372549	0	0	0	0	0	0.0256410256410256	0	0	0	0	0	0.0222222222222222	0	0	0.0212765957446809	0	0.0294117647058824	0.0256410256410256	0.0208333333333333	0.0238095238095238	0	0	0.0232558139534884	0	0.0188679245283019	0.0192307692307692	0	0	0	0	0.024390243902439	0.0222222222222222	0.0232558139534884	0	0	0
0.0238095238095238	0	0.0204081632653061	0	0	0	0	0.0222222222222222	0.0232558139534884	0.0212765957446809	0	0	0	0.024390243902439	0.0188679245283019	0	0	0	0.0212765957446809	0	0.024390243902439	0.0196078431372549	0	0	0	0	0	0.0204081632653061	0	0.0204081632653061	0.0212765957446809	0.0192307692307692	0.02	0.0222222222222222	0	0	0.0238095238095238	0	0.0204081632653061	0.0238095238095238	0.027027027027027	0	0.0204081632653061	0	0	0.0208333333333333	0	0	0.0208333333333333	0.0188679245283019	0.0204081632653061	0.0196078431372549	0	0.025	0.02	0	0	0	0	0	0.0238095238095238	0.02	0.025	0	0	0	0	0.0208333333333333	0	0	0	0	0	0	0	0	0	0	0	0.0238095238095238	0	0	0.0208333333333333	0	0.0212765957446809	0	0	0	0.0188679245283019	0.0192307692307692	0.0208333333333333	0	0.0217391304347826	0	0	0	0	0	0.0227272727272727	0
0.0238095238095238	0	0.0204081632653061	0	0.0232558139534884	0.0212765957446809	0	0	0.0232558139534884	0	0	0.0185185185185185	0.0172413793103448	0.024390243902439	0	0	0	0	0.0212765957446809	0.0222222222222222	0.024390243902439	0	0	0.0204081632653061	0	0	0	0	0.0217391304347826	0.0204081632653061	0	0.0192307692307692	0	0.0222222222222222	0	0.0192307692307692	0.0238095238095238	0.0185185185185185	0	0.0238095238095238	0	0	0.0204081632653061	0	0.0238095238095238	0.0208333333333333	0	0	0	0.0188679245283019	0	0	0	0	0	0.0212765957446809	0.0204081632653061	0.0232558139534884	0	0.0208333333333333	0.0238095238095238	0.02	0	0.0196078431372549	0.027027027027027	0.024390243902439	0.0192307692307692	0	0	0	0.0277777777777778	0	0	0.0238095238095238	0.0238095238095238	0	0	0	0.0212765957446809	0.0238095238095238	0	0	0	0.0238095238095238	0.0212765957446809	0.0222222222222222	0.0232558139534884	0.0204081632653061	0	0.0192307692307692	0	0	0	0	0.024390243902439	0	0.0232558139534884	0.025	0	0
0	0.0263157894736842	0.0204081632653061	0	0.0232558139534884	0	0.0238095238095238	0.0222222222222222	0	0	0.024390243902439	0.0185185185185185	0.0172413793103448	0.024390243902439	0.0188679245283019	0.0238095238095238	0.0232558139534884	0	0.0212765957446809	0.0222222222222222	0	0	0.0192307692307692	0.0204081632653061	0	0	0.0217391304347826	0.0204081632653061	0	0	0.0212765957446809	0.0192307692307692	0.02	0	0.0212765957446809	0	0.0238095238095238	0.0185185185185185	0.0204081632653061	0	0	0	0.0204081632653061	0.0222222222222222	0.0238095238095238	0	0	0.0232558139534884	0.0208333333333333	0	0	0	0	0.025	0	0.0212765957446809	0	0.0232558139534884	0.0208333333333333	0	0	0	0	0.0196078431372549	0	0.024390243902439	0	0.0208333333333333	0.0204081632653061	0.0256410256410256	0	0.0222222222222222	0.0217391304347826	0	0	0.0222222222222222	0	0.0232558139534884	0.0212765957446809	0.0238095238095238	0	0	0.0208333333333333	0	0.0212765957446809	0.0222222222222222	0	0	0.0188679245283019	0	0	0.0217391304347826	0	0	0.024390243902439	0.0222222222222222	0.0232558139534884	0	0.0227272727272727	0
0	0	0.0204081632653061	0.0222222222222222	0	0	0.0238095238095238	0.0222222222222222	0	0	0	0	0	0.024390243902439	0.0188679245283019	0.0238095238095238	0	0	0.0212765957446809	0.0222222222222222	0.024390243902439	0	0.0192307692307692	0	0.0222222222222222	0	0.0217391304347826	0.0204081632653061	0	0	0	0.0192307692307692	0.02	0.0222222222222222	0.0212765957446809	0.0192307692307692	0	0.0185185185185185	0	0.0238095238095238	0	0.0232558139534884	0.0204081632653061	0.0222222222222222	0.0238095238095238	0.0208333333333333	0.0232558139534884	0	0	0.0188679245283019	0	0	0.0204081632653061	0	0	0.0212765957446809	0	0.0232558139534884	0	0	0	0.02	0	0	0	0	0	0	0.0204081632653061	0	0	0	0.0217391304347826	0	0	0	0	0	0.0212765957446809	0	0	0.0256410256410256	0.0208333333333333	0.0238095238095238	0	0	0.0232558139534884	0	0.0188679245283019	0.0192307692307692	0	0	0	0	0	0.0222222222222222	0	0	0.0227272727272727	0.0196078431372549
0	0	0.0204081632653061	0.0222222222222222	0	0.0212765957446809	0	0	0	0	0	0	0	0.024390243902439	0.0188679245283019	0	0	0	0.0212765957446809	0	0	0	0	0	0.0222222222222222	0.0294117647058824	0	0	0	0	0	0	0	0.0222222222222222	0.0212765957446809	0	0.0238095238095238	0.0185185185185185	0.0204081632653061	0.0238095238095238	0	0.0232558139534884	0	0	0	0	0	0	0.0208333333333333	0.0188679245283019	0.0204081632653061	0	0	0	0.02	0	0.0204081632653061	0	0.0208333333333333	0	0	0.02	0	0.0196078431372549	0	0.024390243902439	0.0192307692307692	0	0.0204081632653061	0	0	0	0	0.0238095238095238	0.0238095238095238	0.0222222222222222	0.0263157894736842	0.0232558139534884	0.0212765957446809	0	0	0	0.0208333333333333	0.0238095238095238	0.0212765957446809	0	0	0	0.0188679245283019	0	0.0208333333333333	0.0217391304347826	0	0	0	0	0.0232558139534884	0	0	0.0196078431372549
0.0238095238095238	0	0	0	0	0	0.0238095238095238	0	0	0	0	0	0.0172413793103448	0.024390243902439	0.0188679245283019	0	0.0232558139534884	0	0	0	0	0.0196078431372549	0.0192307692307692	0	0.0222222222222222	0	0	0.0204081632653061	0.0217391304347826	0	0	0	0	0	0	0.0192307692307692	0.0238095238095238	0.0185185185185185	0	0	0.027027027027027	0	0.0204081632653061	0.0222222222222222	0	0.0208333333333333	0.0232558139534884	0	0	0	0.0204081632653061	0.0196078431372549	0	0.025	0.02	0	0.0204081632653061	0	0	0.0208333333333333	0	0	0.025	0	0	0	0.0192307692307692	0	0	0.0256410256410256	0	0.0222222222222222	0.0217391304347826	0	0	0.0222222222222222	0	0.0232558139534884	0	0	0	0	0	0	0	0	0	0.0204081632653061	0	0	0	0.0217391304347826	0	0	0	0	0.0232558139534884	0	0	0
0.0238095238095238	0	0	0	0.0232558139534884	0	0.0238095238095238	0	0	0	0.024390243902439	0.0185185185185185	0	0	0.0188679245283019	0.0238095238095238	0.0232558139534884	0.0232558139534884	0	0.0222222222222222	0.024390243902439	0	0.0192307692307692	0	0	0.0294117647058824	0	0.0204081632653061	0.0217391304347826	0.0204081632653061	0.0212765957446809	0.0192307692307692	0.02	0	0.0212765957446809	0	0	0.0185185185185185	0	0	0	0.0232558139534884	0	0.0222222222222222	0	0.0208333333333333	0.0232558139534884	0.0232558139534884	0	0	0	0.0196078431372549	0	0	0	0	0.0204081632653061	0.0232558139534884	0.0208333333333333	0	0	0.02	0	0.0196078431372549	0	0	0	0.0208333333333333	0.0204081632653061	0	0	0.0222222222222222	0.0217391304347826	0.0238095238095238	0	0	0	0.0232558139534884	0.0212765957446809	0	0.0294117647058824	0	0.0208333333333333	0	0	0.0222222222222222	0.0232558139534884	0.0204081632653061	0	0.0192307692307692	0	0.0217391304347826	0.0217391304347826	0.032258064516129	0.024390243902439	0	0.0232558139534884	0.025	0.0227272727272727	0
0	0.0263157894736842	0	0	0.0232558139534884	0.0212765957446809	0.0238095238095238	0.0222222222222222	0.0232558139534884	0.0212765957446809	0	0	0.0172413793103448	0.024390243902439	0.0188679245283019	0.0238095238095238	0.0232558139534884	0.0232558139534884	0.0212765957446809	0.0222222222222222	0	0.0196078431372549	0	0.0204081632653061	0	0	0.0217391304347826	0.0204081632653061	0.0217391304347826	0	0	0	0.02	0	0	0.0192307692307692	0.0238095238095238	0	0.0204081632653061	0	0.027027027027027	0.0232558139534884	0	0.0222222222222222	0.0238095238095238	0	0.0232558139534884	0	0.0208333333333333	0	0	0.0196078431372549	0	0	0.02	0.0212765957446809	0.0204081632653061	0.0232558139534884	0	0	0.0238095238095238	0	0.025	0.0196078431372549	0.027027027027027	0	0.0192307692307692	0	0	0.0256410256410256	0.0277777777777778	0	0.0217391304347826	0	0.0238095238095238	0.0222222222222222	0.0263157894736842	0.0232558139534884	0	0	0.0294117647058824	0	0.0208333333333333	0.0238095238095238	0	0.0222222222222222	0.0232558139534884	0	0.0188679245283019	0	0.0208333333333333	0.0217391304347826	0.0217391304347826	0.032258064516129	0.024390243902439	0.0222222222222222	0.0232558139534884	0.025	0.0227272727272727	0.0196078431372549
0	0.0263157894736842	0	0	0	0.0212765957446809	0.0238095238095238	0.0222222222222222	0	0.0212765957446809	0	0.0185185185185185	0	0	0.0188679245283019	0	0	0.0232558139534884	0.0212765957446809	0	0	0.0196078431372549	0.0192307692307692	0	0.0222222222222222	0	0.0217391304347826	0.0204081632653061	0	0	0.0212765957446809	0	0.02	0	0.0212765957446809	0	0	0.0185185185185185	0	0	0.027027027027027	0	0.0204081632653061	0	0.0238095238095238	0	0	0.0232558139534884	0.0208333333333333	0.0188679245283019	0.0204081632653061	0	0	0.025	0.02	0	0	0.0232558139534884	0	0.0208333333333333	0	0	0	0.0196078431372549	0.027027027027027	0	0	0.0208333333333333	0	0.0256410256410256	0	0.0222222222222222	0	0	0	0.0222222222222222	0.0263157894736842	0	0.0212765957446809	0	0.0294117647058824	0.0256410256410256	0.0208333333333333	0.0238095238095238	0.0212765957446809	0	0.0232558139534884	0.0204081632653061	0	0	0.0208333333333333	0	0	0.032258064516129	0	0.0222222222222222	0	0	0	0.0196078431372549
0	0.0263157894736842	0.0204081632653061	0.0222222222222222	0	0.0212765957446809	0	0	0.0232558139534884	0.0212765957446809	0.024390243902439	0	0	0	0	0	0.0232558139534884	0	0	0	0	0.0196078431372549	0.0192307692307692	0.0204081632653061	0	0	0.0217391304347826	0	0.0217391304347826	0.0204081632653061	0.0212765957446809	0	0	0	0.0212765957446809	0.0192307692307692	0	0.0185185185185185	0	0.0238095238095238	0	0	0.0204081632653061	0	0.0238095238095238	0	0	0.0232558139534884	0	0	0	0.0196078431372549	0.0204081632653061	0.025	0	0	0	0	0	0.0208333333333333	0.0238095238095238	0.02	0	0	0.027027027027027	0.024390243902439	0.0192307692307692	0.0208333333333333	0	0.0256410256410256	0	0	0	0.0238095238095238	0	0	0	0	0	0.0238095238095238	0.0294117647058824	0	0.0208333333333333	0	0.0212765957446809	0	0	0.0204081632653061	0.0188679245283019	0	0	0.0217391304347826	0.0217391304347826	0	0.024390243902439	0	0.0232558139534884	0	0.0227272727272727	0.0196078431372549
0	0.0263157894736842	0	0.0222222222222222	0	0	0	0	0	0	0	0.0185185185185185	0	0.024390243902439	0.0188679245283019	0	0.0232558139534884	0	0	0.0222222222222222	0.024390243902439	0	0	0.0204081632653061	0	0	0.0217391304347826	0.0204081632653061	0	0	0	0.0192307692307692	0	0	0.0212765957446809	0.0192307692307692	0	0.0185185185185185	0.0204081632653061	0.0238095238095238	0.027027027027027	0.0232558139534884	0	0	0.0238095238095238	0.0208333333333333	0	0	0	0.0188679245283019	0	0.0196078431372549	0	0	0	0	0.0204081632653061	0.0232558139534884	0	0.0208333333333333	0	0	0	0.0196078431372549	0.027027027027027	0.024390243902439	0.0192307692307692	0.0208333333333333	0.0204081632653061	0	0	0.0222222222222222	0.0217391304347826	0	0.0238095238095238	0.0222222222222222	0	0.0232558139534884	0.0212765957446809	0.0238095238095238	0	0	0	0.0238095238095238	0	0.0222222222222222	0.0232558139534884	0	0.0188679245283019	0.0192307692307692	0	0.0217391304347826	0	0.032258064516129	0	0.0222222222222222	0.0232558139534884	0	0	0
0	0	0	0	0	0.0212765957446809	0	0.0222222222222222	0.0232558139534884	0.0212765957446809	0.024390243902439	0	0	0	0.0188679245283019	0.0238095238095238	0.0232558139534884	0.0232558139534884	0.0212765957446809	0.0222222222222222	0.024390243902439	0.0196078431372549	0.0192307692307692	0	0.0222222222222222	0.0294117647058824	0.0217391304347826	0.0204081632653061	0	0	0.0212765957446809	0.0192307692307692	0	0.0222222222222222	0.0212765957446809	0	0	0	0.0204081632653061	0	0.027027027027027	0.0232558139534884	0	0	0	0	0.0232558139534884	0.0232558139534884	0.0208333333333333	0	0	0.0196078431372549	0	0	0	0	0	0.0232558139534884	0	0.0208333333333333	0.0238095238095238	0	0	0	0	0.024390243902439	0	0	0.0204081632653061	0	0	0.0222222222222222	0.0217391304347826	0	0	0	0.0263157894736842	0	0.0212765957446809	0.0238095238095238	0	0	0	0	0.0212765957446809	0.0222222222222222	0.0232558139534884	0	0	0.0192307692307692	0.0208333333333333	0	0	0.032258064516129	0	0.0222222222222222	0	0	0.0227272727272727	0.0196078431372549
0.0238095238095238	0	0.0204081632653061	0	0	0.0212765957446809	0.0238095238095238	0	0.0232558139534884	0	0.024390243902439	0.0185185185185185	0	0	0.0188679245283019	0.0238095238095238	0	0	0	0.0222222222222222	0	0.0196078431372549	0.0192307692307692	0	0	0	0	0	0.0217391304347826	0	0	0	0.02	0	0	0	0.0238095238095238	0.0185185185185185	0	0.0238095238095238	0.027027027027027	0.0232558139534884	0.0204081632653061	0	0	0.0208333333333333	0	0	0	0	0	0	0.0204081632653061	0.025	0	0.0212765957446809	0.0204081632653061	0.0232558139534884	0.0208333333333333	0.0208333333333333	0	0.02	0	0.0196078431372549	0.027027027027027	0.024390243902439	0	0	0.0204081632653061	0	0.0277777777777778	0.0222222222222222	0.0217391304347826	0.0238095238095238	0.0238095238095238	0.0222222222222222	0.0263157894736842	0.0232558139534884	0.0212765957446809	0	0	0.0256410256410256	0	0.0238095238095238	0.0212765957446809	0	0.0232558139534884	0.0204081632653061	0.0188679245283019	0.0192307692307692	0	0	0.0217391304347826	0.032258064516129	0	0	0.0232558139534884	0	0.0227272727272727	0.0196078431372549
0.0238095238095238	0.0263157894736842	0.0204081632653061	0	0	0.0212765957446809	0	0	0.0232558139534884	0	0.024390243902439	0.0185185185185185	0.0172413793103448	0	0	0	0.0232558139534884	0.0232558139534884	0.0212765957446809	0.0222222222222222	0	0.0196078431372549	0.0192307692307692	0	0.0222222222222222	0.0294117647058824	0.0217391304347826	0.0204081632653061	0	0.0204081632653061	0	0.0192307692307692	0	0	0	0.0192307692307692	0.0238095238095238	0.0185185185185185	0.0204081632653061	0.0238095238095238	0	0.0232558139534884	0.0204081632653061	0	0	0.0208333333333333	0	0.0232558139534884	0	0.0188679245283019	0.0204081632653061	0.0196078431372549	0.0204081632653061	0	0	0.0212765957446809	0.0204081632653061	0	0	0	0.0238095238095238	0.02	0.025	0.0196078431372549	0	0	0	0.0208333333333333	0	0.0256410256410256	0.0277777777777778	0.0222222222222222	0.0217391304347826	0	0.0238095238095238	0	0	0.0232558139534884	0.0212765957446809	0.0238095238095238	0	0.0256410256410256	0.0208333333333333	0	0.0212765957446809	0.0222222222222222	0	0	0	0	0.0208333333333333	0	0.0217391304347826	0	0.024390243902439	0	0.0232558139534884	0.025	0.0227272727272727	0
0	0.0263157894736842	0	0	0.0232558139534884	0.0212765957446809	0.0238095238095238	0.0222222222222222	0.0232558139534884	0.0212765957446809	0	0	0	0	0.0188679245283019	0.0238095238095238	0	0.0232558139534884	0	0	0	0.0196078431372549	0.0192307692307692	0	0.0222222222222222	0.0294117647058824	0.0217391304347826	0	0.0217391304347826	0.0204081632653061	0	0	0	0	0.0212765957446809	0.0192307692307692	0	0.0185185185185185	0.0204081632653061	0.0238095238095238	0	0	0	0.0222222222222222	0	0	0.0232558139534884	0	0	0	0	0	0.0204081632653061	0	0	0.0212765957446809	0	0	0.0208333333333333	0	0	0	0.025	0.0196078431372549	0	0	0	0	0	0	0	0.0222222222222222	0	0	0	0	0	0	0	0	0.0294117647058824	0	0.0208333333333333	0	0	0	0	0	0	0.0192307692307692	0.0208333333333333	0.0217391304347826	0.0217391304347826	0	0	0.0222222222222222	0	0.025	0.0227272727272727	0.0196078431372549
0	0.0263157894736842	0	0	0.0232558139534884	0.0212765957446809	0.0238095238095238	0.0222222222222222	0.0232558139534884	0.0212765957446809	0.024390243902439	0.0185185185185185	0.0172413793103448	0	0.0188679245283019	0.0238095238095238	0	0.0232558139534884	0.0212765957446809	0.0222222222222222	0.024390243902439	0	0.0192307692307692	0.0204081632653061	0	0	0	0	0	0.0204081632653061	0	0	0	0	0	0.0192307692307692	0.0238095238095238	0.0185185185185185	0	0	0	0	0	0.0222222222222222	0.0238095238095238	0.0208333333333333	0	0	0	0.0188679245283019	0.0204081632653061	0.0196078431372549	0.0204081632653061	0	0.02	0	0	0.0232558139534884	0	0.0208333333333333	0.0238095238095238	0	0	0.0196078431372549	0	0.024390243902439	0.0192307692307692	0	0.0204081632653061	0.0256410256410256	0	0	0	0.0238095238095238	0.0238095238095238	0	0.0263157894736842	0	0.0212765957446809	0	0.0294117647058824	0	0.0208333333333333	0	0	0.0222222222222222	0.0232558139534884	0	0.0188679245283019	0.0192307692307692	0	0.0217391304347826	0.0217391304347826	0	0	0	0.0232558139534884	0	0	0
0.0238095238095238	0	0.0204081632653061	0.0222222222222222	0.0232558139534884	0.0212765957446809	0.0238095238095238	0.0222222222222222	0	0	0.024390243902439	0	0.0172413793103448	0	0.0188679245283019	0.0238095238095238	0	0.0232558139534884	0.0212765957446809	0.0222222222222222	0.024390243902439	0	0.0192307692307692	0.0204081632653061	0.0222222222222222	0	0	0	0	0.0204081632653061	0.0212765957446809	0.0192307692307692	0.02	0.0222222222222222	0.0212765957446809	0.0192307692307692	0.0238095238095238	0	0.0204081632653061	0.0238095238095238	0	0	0	0	0.0238095238095238	0	0	0.0232558139534884	0.0208333333333333	0	0	0.0196078431372549	0.0204081632653061	0.025	0.02	0	0	0	0.0208333333333333	0	0.0238095238095238	0	0	0.0196078431372549	0.027027027027027	0	0	0.0208333333333333	0	0	0	0	0	0	0	0.0222222222222222	0	0.0232558139534884	0.0212765957446809	0.0238095238095238	0	0	0.0208333333333333	0	0.0212765957446809	0	0	0	0	0	0.0208333333333333	0	0	0	0	0.0222222222222222	0.0232558139534884	0	0	0.0196078431372549
0	0	0	0	0	0.0212765957446809	0.0238095238095238	0	0	0.0212765957446809	0	0.0185185185185185	0	0	0	0.0238095238095238	0.0232558139534884	0.0232558139534884	0.0212765957446809	0	0	0	0.0192307692307692	0	0.0222222222222222	0	0	0.0204081632653061	0	0	0	0	0	0	0	0.0192307692307692	0	0.0185185185185185	0	0.0238095238095238	0.027027027027027	0	0	0.0222222222222222	0	0	0	0	0	0	0	0	0	0	0	0	0.0204081632653061	0	0	0	0.0238095238095238	0.02	0	0.0196078431372549	0.027027027027027	0.024390243902439	0	0	0.0204081632653061	0	0.0277777777777778	0.0222222222222222	0	0.0238095238095238	0.0238095238095238	0	0.0263157894736842	0.0232558139534884	0.0212765957446809	0.0238095238095238	0	0.0256410256410256	0	0.0238095238095238	0.0212765957446809	0.0222222222222222	0.0232558139534884	0.0204081632653061	0.0188679245283019	0.0192307692307692	0	0.0217391304347826	0	0	0	0	0	0	0	0.0196078431372549
0.0238095238095238	0.0263157894736842	0.0204081632653061	0.0222222222222222	0.0232558139534884	0	0.0238095238095238	0.0222222222222222	0.0232558139534884	0	0	0.0185185185185185	0.0172413793103448	0.024390243902439	0.0188679245283019	0	0.0232558139534884	0	0	0.0222222222222222	0.024390243902439	0	0	0	0	0	0.0217391304347826	0.0204081632653061	0.0217391304347826	0.0204081632653061	0	0.0192307692307692	0	0.0222222222222222	0	0	0	0	0.0204081632653061	0.0238095238095238	0.027027027027027	0.0232558139534884	0	0.0222222222222222	0.0238095238095238	0	0.0232558139534884	0.0232558139534884	0.0208333333333333	0	0.0204081632653061	0.0196078431372549	0	0	0	0	0.0204081632653061	0.0232558139534884	0.0208333333333333	0.0208333333333333	0.0238095238095238	0.02	0	0	0	0.024390243902439	0.0192307692307692	0	0.0204081632653061	0	0	0	0	0	0	0.0222222222222222	0	0.0232558139534884	0.0212765957446809	0.0238095238095238	0.0294117647058824	0.0256410256410256	0	0.0238095238095238	0.0212765957446809	0	0.0232558139534884	0	0.0188679245283019	0.0192307692307692	0	0.0217391304347826	0.0217391304347826	0	0	0	0.0232558139534884	0.025	0.0227272727272727	0.0196078431372549
0.0238095238095238	0.0263157894736842	0	0	0.0232558139534884	0	0	0.0222222222222222	0	0.0212765957446809	0.024390243902439	0.0185185185185185	0.0172413793103448	0	0.0188679245283019	0	0	0.0232558139534884	0	0.0222222222222222	0.024390243902439	0.0196078431372549	0.0192307692307692	0.0204081632653061	0.0222222222222222	0.0294117647058824	0.0217391304347826	0	0.0217391304347826	0.0204081632653061	0.0212765957446809	0.0192307692307692	0.02	0.0222222222222222	0	0.0192307692307692	0.0238095238095238	0.0185185185185185	0	0	0.027027027027027	0.0232558139534884	0.0204081632653061	0	0	0.0208333333333333	0	0	0	0.0188679245283019	0.0204081632653061	0.0196078431372549	0	0	0	0	0	0	0	0	0.0238095238095238	0.02	0	0	0	0.024390243902439	0	0.0208333333333333	0.0204081632653061	0	0	0.0222222222222222	0.0217391304347826	0	0.0238095238095238	0	0	0	0	0	0	0.0256410256410256	0	0	0	0.0222222222222222	0	0	0	0.0192307692307692	0.0208333333333333	0.0217391304347826	0	0.032258064516129	0	0.0222222222222222	0	0.025	0	0
0.0238095238095238	0.0263157894736842	0	0	0.0232558139534884	0	0	0	0.0232558139534884	0.0212765957446809	0.024390243902439	0	0.0172413793103448	0	0.0188679245283019	0	0	0.0232558139534884	0.0212765957446809	0.0222222222222222	0.024390243902439	0	0.0192307692307692	0	0	0	0	0	0.0217391304347826	0.0204081632653061	0.0212765957446809	0	0.02	0	0.0212765957446809	0	0	0.0185185185185185	0	0.0238095238095238	0.027027027027027	0	0	0	0	0.0208333333333333	0	0.0232558139534884	0	0	0.0204081632653061	0.0196078431372549	0	0.025	0	0	0.0204081632653061	0	0	0.0208333333333333	0	0.02	0	0.0196078431372549	0	0.024390243902439	0	0.0208333333333333	0	0.0256410256410256	0.0277777777777778	0	0.0217391304347826	0	0.0238095238095238	0	0	0	0	0.0238095238095238	0.0294117647058824	0	0	0.0238095238095238	0.0212765957446809	0.0222222222222222	0.0232558139534884	0	0.0188679245283019	0.0192307692307692	0	0	0	0	0.024390243902439	0.0222222222222222	0.0232558139534884	0.025	0	0
0.0238095238095238	0	0	0.0222222222222222	0	0.0212765957446809	0.0238095238095238	0	0	0	0.024390243902439	0	0.0172413793103448	0.024390243902439	0	0.0238095238095238	0.0232558139534884	0	0	0	0.024390243902439	0.0196078431372549	0	0	0	0	0	0	0.0217391304347826	0	0.0212765957446809	0	0.02	0	0	0	0.0238095238095238	0	0.0204081632653061	0.0238095238095238	0	0	0.0204081632653061	0	0.0238095238095238	0	0.0232558139534884	0	0.0208333333333333	0.0188679245283019	0.0204081632653061	0.0196078431372549	0.0204081632653061	0.025	0	0.0212765957446809	0.0204081632653061	0.0232558139534884	0.0208333333333333	0.0208333333333333	0.0238095238095238	0	0.025	0	0.027027027027027	0.024390243902439	0.0192307692307692	0.0208333333333333	0.0204081632653061	0	0.0277777777777778	0.0222222222222222	0.0217391304347826	0	0.0238095238095238	0.0222222222222222	0.0263157894736842	0	0.0212765957446809	0.0238095238095238	0	0.0256410256410256	0.0208333333333333	0.0238095238095238	0.0212765957446809	0.0222222222222222	0	0	0	0	0	0	0	0.032258064516129	0	0	0	0.025	0.0227272727272727	0
0.0238095238095238	0.0263157894736842	0.0204081632653061	0.0222222222222222	0.0232558139534884	0	0	0.0222222222222222	0.0232558139534884	0.0212765957446809	0.024390243902439	0.0185185185185185	0	0	0.0188679245283019	0	0.0232558139534884	0	0	0.0222222222222222	0	0.0196078431372549	0.0192307692307692	0.0204081632653061	0.0222222222222222	0	0	0	0	0.0204081632653061	0	0.0192307692307692	0.02	0.0222222222222222	0	0.0192307692307692	0	0.0185185185185185	0	0	0	0.0232558139534884	0	0.0222222222222222	0	0	0	0	0.0208333333333333	0.0188679245283019	0.0204081632653061	0	0.0204081632653061	0	0.02	0	0.0204081632653061	0	0	0.0208333333333333	0	0	0	0.0196078431372549	0	0	0	0	0.0204081632653061	0.0256410256410256	0	0.0222222222222222	0	0.0238095238095238	0.0238095238095238	0	0	0.0232558139534884	0	0.0238095238095238	0.0294117647058824	0	0	0	0	0.0222222222222222	0.0232558139534884	0	0	0	0.0208333333333333	0	0.0217391304347826	0.032258064516129	0	0.0222222222222222	0	0.025	0	0.0196078431372549
0	0	0	0	0	0.0212765957446809	0	0	0	0	0.024390243902439	0.0185185185185185	0.0172413793103448	0.024390243902439	0.0188679245283019	0.0238095238095238	0	0.0232558139534884	0.0212765957446809	0	0	0.0196078431372549	0.0192307692307692	0	0.0222222222222222	0	0	0.0204081632653061	0.0217391304347826	0.0204081632653061	0.0212765957446809	0	0.02	0	0	0.0192307692307692	0	0	0.0204081632653061	0	0.027027027027027	0	0.0204081632653061	0	0.0238095238095238	0.0208333333333333	0.0232558139534884	0.0232558139534884	0	0.0188679245283019	0.0204081632653061	0.0196078431372549	0.0204081632653061	0	0	0	0.0204081632653061	0	0.0208333333333333	0.0208333333333333	0.0238095238095238	0	0	0	0	0	0.0192307692307692	0	0.0204081632653061	0.0256410256410256	0	0	0.0217391304347826	0.0238095238095238	0	0.0222222222222222	0.0263157894736842	0.0232558139534884	0.0212765957446809	0	0.0294117647058824	0.0256410256410256	0.0208333333333333	0	0.0212765957446809	0	0	0.0204081632653061	0.0188679245283019	0	0	0	0	0	0.024390243902439	0.0222222222222222	0	0.025	0	0.0196078431372549
0	0.0263157894736842	0	0	0	0	0.0238095238095238	0.0222222222222222	0	0.0212765957446809	0	0	0	0	0.0188679245283019	0	0	0	0	0.0222222222222222	0	0.0196078431372549	0.0192307692307692	0	0	0.0294117647058824	0.0217391304347826	0.0204081632653061	0.0217391304347826	0.0204081632653061	0	0.0192307692307692	0.02	0	0.0212765957446809	0.0192307692307692	0	0.0185185185185185	0	0.0238095238095238	0.027027027027027	0	0	0.0222222222222222	0.0238095238095238	0	0.0232558139534884	0.0232558139534884	0.0208333333333333	0.0188679245283019	0	0	0	0	0.02	0.0212765957446809	0.0204081632653061	0	0.0208333333333333	0	0.0238095238095238	0	0	0	0.027027027027027	0	0	0	0.0204081632653061	0.0256410256410256	0	0.0222222222222222	0.0217391304347826	0.0238095238095238	0.0238095238095238	0	0.0263157894736842	0.0232558139534884	0	0.0238095238095238	0	0.0256410256410256	0.0208333333333333	0	0	0	0.0232558139534884	0.0204081632653061	0.0188679245283019	0	0	0.0217391304347826	0.0217391304347826	0	0	0	0	0.025	0	0.0196078431372549
0.0238095238095238	0.0263157894736842	0	0	0	0	0.0238095238095238	0	0	0.0212765957446809	0	0	0.0172413793103448	0	0	0	0.0232558139534884	0.0232558139534884	0	0	0	0	0.0192307692307692	0.0204081632653061	0	0.0294117647058824	0.0217391304347826	0	0.0217391304347826	0	0.0212765957446809	0.0192307692307692	0	0	0.0212765957446809	0.0192307692307692	0	0.0185185185185185	0.0204081632653061	0	0.027027027027027	0.0232558139534884	0	0.0222222222222222	0.0238095238095238	0	0	0.0232558139534884	0.0208333333333333	0	0.0204081632653061	0.0196078431372549	0	0	0.02	0	0	0.0232558139534884	0.0208333333333333	0	0	0	0	0	0	0.024390243902439	0	0.0208333333333333	0	0	0	0.0222222222222222	0.0217391304347826	0.0238095238095238	0.0238095238095238	0	0	0	0	0.0238095238095238	0.0294117647058824	0	0.0208333333333333	0	0	0	0	0.0204081632653061	0.0188679245283019	0.0192307692307692	0	0	0.0217391304347826	0.032258064516129	0	0.0222222222222222	0.0232558139534884	0.025	0	0
0	0	0.0204081632653061	0.0222222222222222	0	0	0.0238095238095238	0.0222222222222222	0.0232558139534884	0.0212765957446809	0	0.0185185185185185	0.0172413793103448	0.024390243902439	0	0	0	0.0232558139534884	0.0212765957446809	0	0	0	0	0	0.0222222222222222	0.0294117647058824	0	0	0.0217391304347826	0	0.0212765957446809	0	0	0.0222222222222222	0	0.0192307692307692	0.0238095238095238	0.0185185185185185	0	0	0	0	0.0204081632653061	0.0222222222222222	0	0.0208333333333333	0.0232558139534884	0	0.0208333333333333	0	0	0.0196078431372549	0	0.025	0.02	0	0	0	0.0208333333333333	0.0208333333333333	0	0	0.025	0	0	0.024390243902439	0.0192307692307692	0	0.0204081632653061	0.0256410256410256	0.0277777777777778	0.0222222222222222	0	0	0	0.0222222222222222	0	0	0.0212765957446809	0.0238095238095238	0.0294117647058824	0.0256410256410256	0.0208333333333333	0.0238095238095238	0	0	0.0232558139534884	0	0	0	0.0208333333333333	0	0.0217391304347826	0	0.024390243902439	0.0222222222222222	0	0	0.0227272727272727	0.0196078431372549
0.0238095238095238	0	0.0204081632653061	0.0222222222222222	0	0.0212765957446809	0	0	0	0.0212765957446809	0.024390243902439	0	0.0172413793103448	0	0.0188679245283019	0.0238095238095238	0	0	0	0.0222222222222222	0	0.0196078431372549	0.0192307692307692	0.0204081632653061	0	0	0	0	0	0.0204081632653061	0	0	0	0	0	0.0192307692307692	0	0.0185185185185185	0.0204081632653061	0.0238095238095238	0.027027027027027	0.0232558139534884	0	0	0.0238095238095238	0.0208333333333333	0	0.0232558139534884	0	0	0.0204081632653061	0.0196078431372549	0	0	0.02	0.0212765957446809	0	0.0232558139534884	0	0	0	0	0	0	0	0	0.0192307692307692	0.0208333333333333	0.0204081632653061	0.0256410256410256	0.0277777777777778	0	0	0.0238095238095238	0	0	0	0	0	0	0	0.0256410256410256	0	0.0238095238095238	0.0212765957446809	0.0222222222222222	0.0232558139534884	0.0204081632653061	0	0	0	0	0.0217391304347826	0.032258064516129	0.024390243902439	0	0.0232558139534884	0	0	0.0196078431372549
0.0238095238095238	0.0263157894736842	0	0.0222222222222222	0.0232558139534884	0.0212765957446809	0	0.0222222222222222	0.0232558139534884	0	0.024390243902439	0.0185185185185185	0.0172413793103448	0	0.0188679245283019	0	0.0232558139534884	0.0232558139534884	0	0.0222222222222222	0	0.0196078431372549	0.0192307692307692	0.0204081632653061	0	0	0.0217391304347826	0.0204081632653061	0.0217391304347826	0	0	0	0	0	0.0212765957446809	0.0192307692307692	0.0238095238095238	0	0	0	0.027027027027027	0.0232558139534884	0.0204081632653061	0.0222222222222222	0	0	0	0.0232558139534884	0.0208333333333333	0.0188679245283019	0	0.0196078431372549	0.0204081632653061	0.025	0.02	0.0212765957446809	0.0204081632653061	0.0232558139534884	0.0208333333333333	0.0208333333333333	0	0	0.025	0.0196078431372549	0.027027027027027	0.024390243902439	0.0192307692307692	0.0208333333333333	0.0204081632653061	0.0256410256410256	0	0.0222222222222222	0.0217391304347826	0	0	0	0	0.0232558139534884	0.0212765957446809	0	0	0	0.0208333333333333	0.0238095238095238	0	0	0.0232558139534884	0	0.0188679245283019	0	0	0.0217391304347826	0	0	0	0.0222222222222222	0.0232558139534884	0.025	0.0227272727272727	0.0196078431372549
0.0238095238095238	0	0.0204081632653061	0	0	0	0.0238095238095238	0	0	0	0	0.0185185185185185	0.0172413793103448	0	0.0188679245283019	0	0	0	0.0212765957446809	0.0222222222222222	0	0.0196078431372549	0.0192307692307692	0	0	0	0	0	0	0	0.0212765957446809	0	0	0.0222222222222222	0.0212765957446809	0.0192307692307692	0.0238095238095238	0.0185185185185185	0.0204081632653061	0	0.027027027027027	0	0.0204081632653061	0.0222222222222222	0.0238095238095238	0	0	0.0232558139534884	0.0208333333333333	0	0.0204081632653061	0	0.0204081632653061	0	0.02	0.0212765957446809	0.0204081632653061	0.0232558139534884	0	0.0208333333333333	0.0238095238095238	0	0.025	0	0	0	0.0192307692307692	0.0208333333333333	0	0	0	0.0222222222222222	0.0217391304347826	0.0238095238095238	0	0.0222222222222222	0.0263157894736842	0.0232558139534884	0.0212765957446809	0	0	0	0.0208333333333333	0	0	0.0222222222222222	0	0.0204081632653061	0	0.0192307692307692	0	0	0	0	0.024390243902439	0	0.0232558139534884	0.025	0	0.0196078431372549
0.0238095238095238	0	0	0	0.0232558139534884	0	0	0.0222222222222222	0	0.0212765957446809	0	0.0185185185185185	0.0172413793103448	0.024390243902439	0	0.0238095238095238	0.0232558139534884	0	0	0.0222222222222222	0.024390243902439	0	0.0192307692307692	0.0204081632653061	0	0	0	0.0204081632653061	0	0.0204081632653061	0.0212765957446809	0.0192307692307692	0.02	0.0222222222222222	0.0212765957446809	0.0192307692307692	0.0238095238095238	0.0185185185185185	0.0204081632653061	0	0.027027027027027	0	0.0204081632653061	0	0.0238095238095238	0	0	0.0232558139534884	0.0208333333333333	0.0188679245283019	0.0204081632653061	0.0196078431372549	0	0	0	0	0.0204081632653061	0.0232558139534884	0	0.0208333333333333	0	0.02	0.025	0	0.027027027027027	0.024390243902439	0.0192307692307692	0.0208333333333333	0	0.0256410256410256	0	0	0	0	0	0.0222222222222222	0.0263157894736842	0.0232558139534884	0	0	0	0	0	0.0238095238095238	0.0212765957446809	0.0222222222222222	0	0.0204081632653061	0.0188679245283019	0	0	0.0217391304347826	0	0.032258064516129	0	0.0222222222222222	0	0	0	0.0196078431372549
0.0238095238095238	0	0.0204081632653061	0	0.0232558139534884	0.0212765957446809	0	0.0222222222222222	0	0.0212765957446809	0.024390243902439	0	0.0172413793103448	0	0	0.0238095238095238	0	0	0.0212765957446809	0	0.024390243902439	0	0.0192307692307692	0.0204081632653061	0	0	0.0217391304347826	0	0	0	0.0212765957446809	0.0192307692307692	0.02	0	0.0212765957446809	0	0	0.0185185185185185	0.0204081632653061	0	0	0	0.0204081632653061	0	0	0.0208333333333333	0	0	0	0.0188679245283019	0	0	0	0	0	0.0212765957446809	0.0204081632653061	0	0.0208333333333333	0.0208333333333333	0.0238095238095238	0	0	0	0	0	0.0192307692307692	0	0	0.0256410256410256	0	0	0	0.0238095238095238	0	0	0.0263157894736842	0	0	0.0238095238095238	0.0294117647058824	0.0256410256410256	0	0	0.0212765957446809	0.0222222222222222	0	0.0204081632653061	0.0188679245283019	0.0192307692307692	0	0.0217391304347826	0.0217391304347826	0	0	0.0222222222222222	0.0232558139534884	0	0.0227272727272727	0.0196078431372549
0	0	0.0204081632653061	0	0.0232558139534884	0	0	0	0	0	0	0.0185185185185185	0.0172413793103448	0.024390243902439	0.0188679245283019	0	0.0232558139534884	0	0	0	0	0.0196078431372549	0	0.0204081632653061	0.0222222222222222	0	0.0217391304347826	0.0204081632653061	0.0217391304347826	0	0	0	0	0.0222222222222222	0.0212765957446809	0.0192307692307692	0.0238095238095238	0.0185185185185185	0.0204081632653061	0	0	0	0.0204081632653061	0	0.0238095238095238	0	0	0	0	0.0188679245283019	0.0204081632653061	0.0196078431372549	0.0204081632653061	0	0	0	0	0.0232558139534884	0.0208333333333333	0.0208333333333333	0	0.02	0	0.0196078431372549	0	0.024390243902439	0	0.0208333333333333	0	0	0	0	0.0217391304347826	0.0238095238095238	0	0.0222222222222222	0	0	0.0212765957446809	0	0	0	0	0.0238095238095238	0	0	0.0232558139534884	0	0.0188679245283019	0.0192307692307692	0.0208333333333333	0	0.0217391304347826	0	0	0	0	0.025	0	0.0196078431372549
0	0	0.0204081632653061	0.0222222222222222	0	0.0212765957446809	0	0.0222222222222222	0.0232558139534884	0	0	0	0	0.024390243902439	0.0188679245283019	0	0.0232558139534884	0.0232558139534884	0.0212765957446809	0.0222222222222222	0	0	0	0.0204081632653061	0.0222222222222222	0.0294117647058824	0.0217391304347826	0	0	0.0204081632653061	0.0212765957446809	0	0	0.0222222222222222	0	0.0192307692307692	0.0238095238095238	0	0	0	0	0	0.0204081632653061	0.0222222222222222	0.0238095238095238	0.0208333333333333	0.0232558139534884	0	0.0208333333333333	0	0	0	0.0204081632653061	0	0	0.0212765957446809	0	0.0232558139534884	0	0	0	0	0	0.0196078431372549	0	0.024390243902439	0.0192307692307692	0	0	0.0256410256410256	0.0277777777777778	0	0	0	0.0238095238095238	0	0	0	0	0.0238095238095238	0	0.0256410256410256	0.0208333333333333	0	0	0	0	0.0204081632653061	0	0.0192307692307692	0.0208333333333333	0.0217391304347826	0.0217391304347826	0.032258064516129	0.024390243902439	0.0222222222222222	0	0.025	0	0
0.0238095238095238	0.0263157894736842	0.0204081632653061	0.0222222222222222	0.0232558139534884	0	0	0	0.0232558139534884	0.0212765957446809	0.024390243902439	0.0185185185185185	0.0172413793103448	0.024390243902439	0	0	0	0	0.0212765957446809	0	0.024390243902439	0.0196078431372549	0	0.0204081632653061	0.0222222222222222	0.0294117647058824	0	0.0204081632653061	0.0217391304347826	0	0	0.0192307692307692	0.02	0	0.0212765957446809	0	0	0.0185185185185185	0.0204081632653061	0	0	0.0232558139534884	0	0.0222222222222222	0	0.0208333333333333	0	0	0.0208333333333333	0	0	0.0196078431372549	0.0204081632653061	0.025	0.02	0	0.0204081632653061	0.0232558139534884	0.0208333333333333	0	0.0238095238095238	0.02	0.025	0.0196078431372549	0.027027027027027	0	0	0	0.0204081632653061	0	0.0277777777777778	0.0222222222222222	0.0217391304347826	0	0	0.0222222222222222	0.0263157894736842	0.0232558139534884	0.0212765957446809	0	0.0294117647058824	0.0256410256410256	0.0208333333333333	0.0238095238095238	0.0212765957446809	0.0222222222222222	0	0.0204081632653061	0.0188679245283019	0	0	0.0217391304347826	0	0.032258064516129	0	0	0.0232558139534884	0	0.0227272727272727	0.0196078431372549
0	0	0.0204081632653061	0.0222222222222222	0.0232558139534884	0	0.0238095238095238	0.0222222222222222	0	0.0212765957446809	0	0.0185185185185185	0.0172413793103448	0	0.0188679245283019	0	0	0	0	0	0	0	0.0192307692307692	0.0204081632653061	0	0	0.0217391304347826	0	0	0.0204081632653061	0	0.0192307692307692	0	0	0	0.0192307692307692	0.0238095238095238	0	0	0.0238095238095238	0	0.0232558139534884	0	0.0222222222222222	0	0	0	0.0232558139534884	0.0208333333333333	0	0	0	0.0204081632653061	0	0.02	0.0212765957446809	0.0204081632653061	0	0.0208333333333333	0	0.0238095238095238	0	0.025	0	0.027027027027027	0	0	0.0208333333333333	0.0204081632653061	0	0.0277777777777778	0	0	0	0.0238095238095238	0	0	0	0.0212765957446809	0	0.0294117647058824	0.0256410256410256	0.0208333333333333	0	0	0.0222222222222222	0.0232558139534884	0	0.0188679245283019	0.0192307692307692	0.0208333333333333	0	0	0.032258064516129	0.024390243902439	0	0	0	0	0.0196078431372549
0	0.0263157894736842	0.0204081632653061	0	0	0.0212765957446809	0	0	0	0.0212765957446809	0.024390243902439	0.0185185185185185	0.0172413793103448	0.024390243902439	0.0188679245283019	0.0238095238095238	0	0.0232558139534884	0.0212765957446809	0	0	0	0	0.0204081632653061	0	0	0	0	0.0217391304347826	0.0204081632653061	0.0212765957446809	0	0.02	0	0	0.0192307692307692	0.0238095238095238	0.0185185185185185	0	0.0238095238095238	0	0	0.0204081632653061	0	0	0	0	0	0.0208333333333333	0	0.0204081632653061	0	0.0204081632653061	0.025	0.02	0.0212765957446809	0.0204081632653061	0.0232558139534884	0.0208333333333333	0.0208333333333333	0	0.02	0	0.0196078431372549	0	0.024390243902439	0	0.0208333333333333	0	0	0	0.0222222222222222	0	0	0.0238095238095238	0.0222222222222222	0.0263157894736842	0	0.0212765957446809	0	0	0.0256410256410256	0	0.0238095238095238	0.0212765957446809	0	0.0232558139534884	0	0.0188679245283019	0	0.0208333333333333	0	0.0217391304347826	0	0.024390243902439	0	0.0232558139534884	0	0	0
0	0	0.0204081632653061	0.0222222222222222	0.0232558139534884	0	0	0	0.0232558139534884	0	0	0.0185185185185185	0.0172413793103448	0.024390243902439	0	0.0238095238095238	0.0232558139534884	0.0232558139534884	0	0	0	0.0196078431372549	0.0192307692307692	0.0204081632653061	0	0.0294117647058824	0.0217391304347826	0.0204081632653061	0	0.0204081632653061	0.0212765957446809	0.0192307692307692	0.02	0	0.0212765957446809	0.0192307692307692	0	0.0185185185185185	0	0.0238095238095238	0.027027027027027	0	0	0.0222222222222222	0	0.0208333333333333	0.0232558139534884	0	0	0.0188679245283019	0.0204081632653061	0.0196078431372549	0	0	0	0.0212765957446809	0.0204081632653061	0	0	0.0208333333333333	0.0238095238095238	0	0.025	0.0196078431372549	0.027027027027027	0	0.0192307692307692	0	0.0204081632653061	0.0256410256410256	0	0	0	0	0	0	0	0.0232558139534884	0.0212765957446809	0.0238095238095238	0.0294117647058824	0	0.0208333333333333	0	0	0	0.0232558139534884	0.0204081632653061	0.0188679245283019	0	0.0208333333333333	0.0217391304347826	0	0	0.024390243902439	0.0222222222222222	0	0	0	0.0196078431372549
0	0	0	0.0222222222222222	0	0	0.0238095238095238	0	0.0232558139534884	0	0.024390243902439	0	0	0.024390243902439	0.0188679245283019	0.0238095238095238	0	0	0	0.0222222222222222	0	0.0196078431372549	0.0192307692307692	0.0204081632653061	0.0222222222222222	0	0.0217391304347826	0	0	0.0204081632653061	0.0212765957446809	0	0	0.0222222222222222	0	0.0192307692307692	0.0238095238095238	0.0185185185185185	0.0204081632653061	0.0238095238095238	0.027027027027027	0	0	0.0222222222222222	0.0238095238095238	0	0.0232558139534884	0.0232558139534884	0.0208333333333333	0.0188679245283019	0.0204081632653061	0.0196078431372549	0.0204081632653061	0	0.02	0.0212765957446809	0.0204081632653061	0.0232558139534884	0	0	0	0	0	0.0196078431372549	0	0	0.0192307692307692	0.0208333333333333	0.0204081632653061	0	0	0	0.0217391304347826	0.0238095238095238	0	0	0	0.0232558139534884	0.0212765957446809	0	0	0	0.0208333333333333	0	0	0	0	0.0204081632653061	0.0188679245283019	0.0192307692307692	0.0208333333333333	0.0217391304347826	0.0217391304347826	0	0.024390243902439	0	0.0232558139534884	0	0.0227272727272727	0
0	0	0.0204081632653061	0.0222222222222222	0	0	0.0238095238095238	0	0.0232558139534884	0.0212765957446809	0.024390243902439	0.0185185185185185	0.0172413793103448	0	0.0188679245283019	0.0238095238095238	0	0	0	0.0222222222222222	0	0.0196078431372549	0	0.0204081632653061	0	0	0	0.0204081632653061	0	0.0204081632653061	0	0	0.02	0.0222222222222222	0.0212765957446809	0	0.0238095238095238	0	0.0204081632653061	0.0238095238095238	0	0	0	0	0.0238095238095238	0.0208333333333333	0	0.0232558139534884	0.0208333333333333	0.0188679245283019	0.0204081632653061	0	0.0204081632653061	0	0	0	0	0	0.0208333333333333	0.0208333333333333	0	0	0	0.0196078431372549	0	0.024390243902439	0.0192307692307692	0.0208333333333333	0	0.0256410256410256	0.0277777777777778	0	0.0217391304347826	0.0238095238095238	0	0	0.0263157894736842	0	0.0212765957446809	0	0	0.0256410256410256	0.0208333333333333	0	0	0.0222222222222222	0	0.0204081632653061	0	0.0192307692307692	0.0208333333333333	0	0	0	0.024390243902439	0.0222222222222222	0.0232558139534884	0.025	0.0227272727272727	0.0196078431372549
0	0.0263157894736842	0	0.0222222222222222	0	0.0212765957446809	0.0238095238095238	0	0	0	0	0	0.0172413793103448	0.024390243902439	0.0188679245283019	0	0	0.0232558139534884	0	0	0.024390243902439	0.0196078431372549	0.0192307692307692	0	0.0222222222222222	0	0	0.0204081632653061	0	0.0204081632653061	0.0212765957446809	0.0192307692307692	0.02	0.0222222222222222	0.0212765957446809	0	0	0	0	0	0	0.0232558139534884	0.0204081632653061	0.0222222222222222	0	0	0	0	0.0208333333333333	0.0188679245283019	0	0.0196078431372549	0	0	0	0	0.0204081632653061	0.0232558139534884	0.0208333333333333	0	0.0238095238095238	0.02	0.025	0.0196078431372549	0	0.024390243902439	0.0192307692307692	0	0	0.0256410256410256	0	0	0.0217391304347826	0	0	0	0.0263157894736842	0.0232558139534884	0	0	0	0.0256410256410256	0	0.0238095238095238	0	0	0.0232558139534884	0.0204081632653061	0.0188679245283019	0.0192307692307692	0.0208333333333333	0	0	0.032258064516129	0	0.0222222222222222	0	0	0.0227272727272727	0
0	0.0263157894736842	0.0204081632653061	0	0	0.0212765957446809	0.0238095238095238	0.0222222222222222	0.0232558139534884	0	0	0.0185185185185185	0.0172413793103448	0	0	0.0238095238095238	0.0232558139534884	0	0	0	0.024390243902439	0	0.0192307692307692	0	0.0222222222222222	0	0	0.0204081632653061	0	0.0204081632653061	0	0.0192307692307692	0.02	0	0	0.0192307692307692	0	0.0185185185185185	0	0	0	0	0	0.0222222222222222	0.0238095238095238	0.0208333333333333	0	0	0	0.0188679245283019	0.0204081632653061	0.0196078431372549	0.0204081632653061	0.025	0.02	0.0212765957446809	0	0	0	0	0	0.02	0.025	0.0196078431372549	0.027027027027027	0.024390243902439	0.0192307692307692	0	0.0204081632653061	0	0.0277777777777778	0	0	0	0.0238095238095238	0.0222222222222222	0	0.0232558139534884	0	0	0.0294117647058824	0	0.0208333333333333	0.0238095238095238	0.0212765957446809	0	0.0232558139534884	0.0204081632653061	0.0188679245283019	0	0	0.0217391304347826	0	0	0	0.0222222222222222	0	0	0.0227272727272727	0.0196078431372549
0.0238095238095238	0.0263157894736842	0	0.0222222222222222	0.0232558139534884	0.0212765957446809	0.0238095238095238	0.0222222222222222	0	0	0	0	0.0172413793103448	0	0.0188679245283019	0.0238095238095238	0.0232558139534884	0.0232558139534884	0	0	0	0.0196078431372549	0.0192307692307692	0.0204081632653061	0	0	0.0217391304347826	0.0204081632653061	0.0217391304347826	0	0.0212765957446809	0.0192307692307692	0.02	0.0222222222222222	0	0.0192307692307692	0	0.0185185185185185	0.0204081632653061	0	0	0	0.0204081632653061	0.0222222222222222	0.0238095238095238	0	0.0232558139534884	0	0	0.0188679245283019	0.0204081632653061	0.0196078431372549	0	0.025	0.02	0.0212765957446809	0.0204081632653061	0	0.0208333333333333	0.0208333333333333	0.0238095238095238	0.02	0.025	0.0196078431372549	0.027027027027027	0.024390243902439	0	0.0208333333333333	0	0	0	0.0222222222222222	0	0.0238095238095238	0.0238095238095238	0	0	0.0232558139534884	0.0212765957446809	0.0238095238095238	0.0294117647058824	0	0.0208333333333333	0	0	0.0222222222222222	0	0.0204081632653061	0.0188679245283019	0	0.0208333333333333	0	0	0	0.024390243902439	0.0222222222222222	0	0	0	0.0196078431372549
0.0238095238095238	0	0.0204081632653061	0	0.0232558139534884	0	0	0.0222222222222222	0	0	0	0.0185185185185185	0.0172413793103448	0.024390243902439	0.0188679245283019	0	0.0232558139534884	0	0	0.0222222222222222	0.024390243902439	0	0	0	0.0222222222222222	0.0294117647058824	0.0217391304347826	0.0204081632653061	0	0.0204081632653061	0	0.0192307692307692	0	0	0	0.0192307692307692	0	0.0185185185185185	0.0204081632653061	0	0	0	0.0204081632653061	0.0222222222222222	0	0	0	0	0	0.0188679245283019	0.0204081632653061	0.0196078431372549	0.0204081632653061	0.025	0.02	0	0	0.0232558139534884	0.0208333333333333	0	0	0	0.025	0	0	0.024390243902439	0.0192307692307692	0.0208333333333333	0.0204081632653061	0	0.0277777777777778	0	0	0.0238095238095238	0	0.0222222222222222	0	0	0	0	0.0294117647058824	0	0	0	0	0.0222222222222222	0.0232558139534884	0	0.0188679245283019	0.0192307692307692	0	0	0	0	0.024390243902439	0.0222222222222222	0	0	0	0
0.0238095238095238	0	0.0204081632653061	0.0222222222222222	0	0.0212765957446809	0.0238095238095238	0.0222222222222222	0	0.0212765957446809	0	0.0185185185185185	0.0172413793103448	0.024390243902439	0	0	0.0232558139534884	0	0	0.0222222222222222	0	0.0196078431372549	0.0192307692307692	0.0204081632653061	0.0222222222222222	0	0.0217391304347826	0	0	0.0204081632653061	0	0.0192307692307692	0.02	0	0	0	0	0.0185185185185185	0	0	0.027027027027027	0	0	0	0	0.0208333333333333	0.0232558139534884	0	0	0.0188679245283019	0.0204081632653061	0.0196078431372549	0.0204081632653061	0.025	0.02	0.0212765957446809	0	0	0	0.0208333333333333	0	0.02	0	0.0196078431372549	0	0	0.0192307692307692	0.0208333333333333	0.0204081632653061	0	0	0.0222222222222222	0	0	0.0238095238095238	0	0	0	0	0	0	0	0	0.0238095238095238	0	0	0	0.0204081632653061	0	0	0.0208333333333333	0	0.0217391304347826	0	0.024390243902439	0	0	0.025	0.0227272727272727	0.0196078431372549
0	0.0263157894736842	0.0204081632653061	0.0222222222222222	0	0.0212765957446809	0	0	0	0.0212765957446809	0.024390243902439	0.0185185185185185	0	0	0.0188679245283019	0.0238095238095238	0	0.0232558139534884	0.0212765957446809	0	0	0.0196078431372549	0.0192307692307692	0	0.0222222222222222	0.0294117647058824	0.0217391304347826	0.0204081632653061	0.0217391304347826	0.0204081632653061	0	0.0192307692307692	0.02	0.0222222222222222	0	0	0	0	0	0.0238095238095238	0	0	0.0204081632653061	0.0222222222222222	0.0238095238095238	0.0208333333333333	0	0.0232558139534884	0	0.0188679245283019	0.0204081632653061	0	0.0204081632653061	0	0.02	0.0212765957446809	0.0204081632653061	0	0.0208333333333333	0	0.0238095238095238	0	0	0	0.027027027027027	0	0	0.0208333333333333	0.0204081632653061	0.0256410256410256	0.0277777777777778	0	0	0.0238095238095238	0.0238095238095238	0.0222222222222222	0	0	0	0.0238095238095238	0	0	0.0208333333333333	0	0.0212765957446809	0.0222222222222222	0	0	0.0188679245283019	0.0192307692307692	0	0.0217391304347826	0.0217391304347826	0	0.024390243902439	0.0222222222222222	0	0	0	0
0.0238095238095238	0	0	0	0.0232558139534884	0.0212765957446809	0	0.0222222222222222	0	0	0	0.0185185185185185	0.0172413793103448	0	0.0188679245283019	0	0.0232558139534884	0.0232558139534884	0.0212765957446809	0.0222222222222222	0	0.0196078431372549	0.0192307692307692	0.0204081632653061	0.0222222222222222	0	0	0	0.0217391304347826	0	0.0212765957446809	0.0192307692307692	0.02	0.0222222222222222	0.0212765957446809	0.0192307692307692	0.0238095238095238	0	0.0204081632653061	0	0.027027027027027	0.0232558139534884	0.0204081632653061	0	0.0238095238095238	0.0208333333333333	0.0232558139534884	0	0.0208333333333333	0.0188679245283019	0	0.0196078431372549	0	0.025	0.02	0	0	0	0.0208333333333333	0.0208333333333333	0.0238095238095238	0	0.025	0.0196078431372549	0	0	0	0.0208333333333333	0	0	0.0277777777777778	0	0	0.0238095238095238	0	0	0	0.0232558139534884	0.0212765957446809	0	0	0.0256410256410256	0.0208333333333333	0.0238095238095238	0.0212765957446809	0	0.0232558139534884	0	0.0188679245283019	0.0192307692307692	0	0.0217391304347826	0	0	0	0.0222222222222222	0.0232558139534884	0	0	0.0196078431372549
0	0.0263157894736842	0	0	0	0	0.0238095238095238	0.0222222222222222	0.0232558139534884	0	0	0.0185185185185185	0.0172413793103448	0	0	0	0	0	0.0212765957446809	0	0.024390243902439	0	0	0.0204081632653061	0	0	0.0217391304347826	0.0204081632653061	0.0217391304347826	0.0204081632653061	0	0	0.02	0.0222222222222222	0.0212765957446809	0	0	0	0	0.0238095238095238	0	0.0232558139534884	0	0	0.0238095238095238	0	0	0.0232558139534884	0.0208333333333333	0	0.0204081632653061	0	0	0	0	0.0212765957446809	0	0	0	0.0208333333333333	0	0.02	0.025	0.0196078431372549	0	0	0.0192307692307692	0	0.0204081632653061	0	0	0.0222222222222222	0	0.0238095238095238	0	0.0222222222222222	0.0263157894736842	0.0232558139534884	0	0	0.0294117647058824	0.0256410256410256	0	0.0238095238095238	0.0212765957446809	0.0222222222222222	0	0.0204081632653061	0.0188679245283019	0.0192307692307692	0	0	0	0.032258064516129	0	0	0	0.025	0.0227272727272727	0
0	0	0	0	0.0232558139534884	0.0212765957446809	0.0238095238095238	0.0222222222222222	0	0	0.024390243902439	0	0	0	0	0.0238095238095238	0.0232558139534884	0	0.0212765957446809	0	0	0	0	0	0	0.0294117647058824	0.0217391304347826	0	0	0	0.0212765957446809	0.0192307692307692	0	0.0222222222222222	0	0.0192307692307692	0	0	0	0.0238095238095238	0	0.0232558139534884	0	0	0.0238095238095238	0	0	0	0.0208333333333333	0.0188679245283019	0.0204081632653061	0	0	0.025	0	0	0	0	0	0.0208333333333333	0	0.02	0.025	0	0.027027027027027	0.024390243902439	0	0	0	0	0	0	0.0217391304347826	0	0	0	0	0	0	0.0238095238095238	0.0294117647058824	0.0256410256410256	0	0.0238095238095238	0.0212765957446809	0.0222222222222222	0	0.0204081632653061	0.0188679245283019	0	0.0208333333333333	0.0217391304347826	0	0	0.024390243902439	0	0	0	0.0227272727272727	0.0196078431372549
0	0.0263157894736842	0.0204081632653061	0.0222222222222222	0.0232558139534884	0	0	0	0.0232558139534884	0.0212765957446809	0.024390243902439	0.0185185185185185	0.0172413793103448	0	0	0.0238095238095238	0.0232558139534884	0	0.0212765957446809	0.0222222222222222	0.024390243902439	0.0196078431372549	0	0	0.0222222222222222	0	0	0.0204081632653061	0	0.0204081632653061	0	0.0192307692307692	0	0	0	0.0192307692307692	0.0238095238095238	0.0185185185185185	0.0204081632653061	0	0	0.0232558139534884	0.0204081632653061	0.0222222222222222	0.0238095238095238	0	0	0.0232558139534884	0.0208333333333333	0	0	0	0.0204081632653061	0.025	0.02	0.0212765957446809	0.0204081632653061	0	0.0208333333333333	0	0.0238095238095238	0	0.025	0.0196078431372549	0.027027027027027	0	0.0192307692307692	0.0208333333333333	0.0204081632653061	0	0.0277777777777778	0	0.0217391304347826	0	0	0	0.0263157894736842	0	0.0212765957446809	0.0238095238095238	0	0	0	0.0238095238095238	0	0.0222222222222222	0.0232558139534884	0.0204081632653061	0	0.0192307692307692	0	0.0217391304347826	0.0217391304347826	0.032258064516129	0	0.0222222222222222	0	0.025	0	0.0196078431372549
0.0238095238095238	0	0.0204081632653061	0.0222222222222222	0	0.0212765957446809	0	0	0.0232558139534884	0	0	0	0.0172413793103448	0	0.0188679245283019	0.0238095238095238	0	0.0232558139534884	0	0	0	0	0.0192307692307692	0	0	0	0	0	0.0217391304347826	0.0204081632653061	0	0.0192307692307692	0.02	0.0222222222222222	0	0	0.0238095238095238	0	0.0204081632653061	0	0.027027027027027	0	0	0.0222222222222222	0	0	0	0	0	0	0.0204081632653061	0.0196078431372549	0.0204081632653061	0.025	0	0.0212765957446809	0	0	0.0208333333333333	0	0.0238095238095238	0.02	0	0	0	0	0	0	0.0204081632653061	0.0256410256410256	0.0277777777777778	0	0.0217391304347826	0.0238095238095238	0	0.0222222222222222	0	0	0	0	0	0	0	0	0.0212765957446809	0	0	0	0.0188679245283019	0.0192307692307692	0.0208333333333333	0.0217391304347826	0.0217391304347826	0	0	0	0.0232558139534884	0.025	0	0.0196078431372549
0.0238095238095238	0	0	0.0222222222222222	0.0232558139534884	0.0212765957446809	0.0238095238095238	0	0.0232558139534884	0.0212765957446809	0	0.0185185185185185	0	0.024390243902439	0.0188679245283019	0	0.0232558139534884	0	0.0212765957446809	0.0222222222222222	0.024390243902439	0.0196078431372549	0.0192307692307692	0.0204081632653061	0	0	0.0217391304347826	0	0	0.0204081632653061	0	0.0192307692307692	0.02	0.0222222222222222	0.0212765957446809	0.0192307692307692	0.0238095238095238	0.0185185185185185	0.0204081632653061	0.0238095238095238	0	0.0232558139534884	0.0204081632653061	0	0.0238095238095238	0	0	0.0232558139534884	0.0208333333333333	0.0188679245283019	0.0204081632653061	0.0196078431372549	0	0.025	0.02	0.0212765957446809	0	0.0232558139534884	0	0	0	0.02	0.025	0	0	0	0	0.0208333333333333	0	0	0	0.0222222222222222	0.0217391304347826	0.0238095238095238	0.0238095238095238	0.0222222222222222	0	0.0232558139534884	0	0	0.0294117647058824	0	0.0208333333333333	0	0.0212765957446809	0.0222222222222222	0	0.0204081632653061	0	0.0192307692307692	0	0	0	0	0	0	0	0.025	0.0227272727272727	0.0196078431372549
0	0	0.0204081632653061	0.0222222222222222	0	0.0212765957446809	0.0238095238095238	0.0222222222222222	0.0232558139534884	0.0212765957446809	0.024390243902439	0.0185185185185185	0	0	0.0188679245283019	0	0	0.0232558139534884	0	0.0222222222222222	0	0.0196078431372549	0.0192307692307692	0.0204081632653061	0	0	0	0	0.0217391304347826	0	0.0212765957446809	0.0192307692307692	0	0	0.0212765957446809	0.0192307692307692	0.0238095238095238	0	0.0204081632653061	0	0	0.0232558139534884	0.0204081632653061	0	0	0	0.0232558139534884	0.0232558139534884	0.0208333333333333	0.0188679245283019	0.0204081632653061	0.0196078431372549	0.0204081632653061	0	0	0.0212765957446809	0.0204081632653061	0	0.0208333333333333	0	0.0238095238095238	0.02	0	0	0.027027027027027	0	0	0	0.0204081632653061	0	0	0	0.0217391304347826	0.0238095238095238	0	0.0222222222222222	0	0	0	0	0.0294117647058824	0	0.0208333333333333	0	0.0212765957446809	0.0222222222222222	0	0.0204081632653061	0.0188679245283019	0	0.0208333333333333	0.0217391304347826	0.0217391304347826	0	0.024390243902439	0.0222222222222222	0	0.025	0.0227272727272727	0.0196078431372549
